EMP_ID,DEPT,JOB_ROLE,GRADE,COURSE,CATEGORY,PLAN_HOURS,DONE_HOURS,SCORE,COMPLETED_DATE
E606733,글로벌인프라총괄,영업마케팅,CL3,Spotfire 데이터함수(Python),데이터분석,16,8,85.0,2026-05-06
E274323,시스템LSI사업부,S/W개발,CL2,Spotfire 기초,데이터분석,8,8,,2026-01-17
E484034,파운드리사업부,회로설계,CL2,Python 기초,데이터분석,20,6,64.0,2026-02-25
E991242,시스템LSI사업부,품질보증,CL2,생성형 AI 활용,AI,6,4,84.0,2026-03-27
E748165,메모리사업부,품질보증,CL2,정보보호,필수,2,0,80.0,2026-02-03
E603013,글로벌인프라총괄,패키지개발,CL2,반도체 8대 공정,직무기초,24,12,84.0,2026-03-20
E695836,파운드리사업부,영업마케팅,CL4,반도체 8대 공정,직무기초,24,20,80.0,2026-01-23
E929159,메모리사업부,반도체공정기술,CL2,Spotfire 기초,데이터분석,8,7,90.0,2026-03-20
E578558,DS경영지원,회로설계,CL2,Spotfire 데이터함수(Python),데이터분석,16,6,85.0,2026-04-18
E148700,DS경영지원,회로설계,CL2,생성형 AI 활용,AI,6,6,86.0,2026-07-08
E896237,DS경영지원,S/W개발,CL3,반도체 8대 공정,직무기초,24,24,72.0,2026-04-07
E558438,메모리사업부,패키지개발,CL2,생성형 AI 활용,AI,6,5,90.0,2026-04-30
E991940,반도체연구소,SCM/생산관리,CL2,Spotfire 데이터함수(Python),데이터분석,16,7,80.0,2026-02-02
E661475,파운드리사업부,평가및분석,CL3,생성형 AI 활용,AI,6,4,78.0,2026-05-16
E938359,반도체연구소,경영지원,CL2,반도체 8대 공정,직무기초,24,16,99.0,2026-06-09
E874884,파운드리사업부,경영지원,CL2,Spotfire 데이터함수(Python),데이터분석,16,16,95.0,2026-02-04
E805891,메모리사업부,반도체공정기술,CL2,Python 기초,데이터분석,20,20,77.0,2026-07-20
E615823,파운드리사업부,반도체공정기술,CL3,반도체 8대 공정,직무기초,24,15,82.0,2026-05-12
E419124,글로벌인프라총괄,품질보증,CL2,정보보호,필수,2,1,83.0,2026-06-27
E699160,시스템LSI사업부,패키지개발,CL2,정보보호,필수,2,1,,2026-03-17
E388526,반도체연구소,패키지개발,CL3,Python 기초,데이터분석,20,15,64.0,2026-01-20
E135022,메모리사업부,품질보증,CL4,통계적공정관리(SPC),품질,12,12,71.0,2026-07-21
E872562,시스템LSI사업부,설비기술,CL4,생성형 AI 활용,AI,6,6,94.0,2026-03-25
E487159,반도체연구소,반도체공정기술,CL2,Spotfire 데이터함수(Python),데이터분석,16,8,85.0,2026-02-24
E480888,반도체연구소,경영지원,CL2,Python 기초,데이터분석,20,8,,2026-07-15
E665475,메모리사업부,경영지원,CL3,Spotfire 데이터함수(Python),데이터분석,16,9,73.0,2026-04-23
E997558,시스템LSI사업부,회로설계,CL3,통계적공정관리(SPC),품질,12,10,95.0,2026-02-15
E661165,글로벌인프라총괄,설비기술,CL3,생성형 AI 활용,AI,6,6,,2026-02-23
E466809,반도체연구소,패키지개발,CL3,통계적공정관리(SPC),품질,12,10,,2026-06-27
E345942,글로벌인프라총괄,SCM/생산관리,CL3,생성형 AI 활용,AI,6,2,70.0,2026-07-17
E144120,파운드리사업부,경영지원,CL3,반도체 8대 공정,직무기초,24,21,96.0,2026-01-30
E186734,파운드리사업부,반도체공정기술,CL3,정보보호,필수,2,1,68.0,2026-02-11
E238642,DS경영지원,패키지개발,CL4,반도체 8대 공정,직무기초,24,19,,2026-02-28
E901438,파운드리사업부,평가및분석,CL2,반도체 8대 공정,직무기초,24,16,65.0,2026-03-19
E175189,시스템LSI사업부,반도체공정기술,CL3,정보보호,필수,2,1,75.0,2026-01-30
E356513,파운드리사업부,SCM/생산관리,CL2,정보보호,필수,2,1,77.0,2026-01-19
E914643,파운드리사업부,평가및분석,CL3,Spotfire 데이터함수(Python),데이터분석,16,12,,2026-02-04
E883053,파운드리사업부,SCM/생산관리,CL4,Python 기초,데이터분석,20,14,81.0,2026-02-15
E487831,글로벌인프라총괄,SCM/생산관리,CL3,Spotfire 데이터함수(Python),데이터분석,16,11,83.0,2026-04-02
E759087,시스템LSI사업부,반도체공정기술,CL2,통계적공정관리(SPC),품질,12,10,109.0,2026-03-01
E849807,시스템LSI사업부,S/W개발,CL2,Spotfire 데이터함수(Python),데이터분석,16,11,,2026-03-29
E468746,시스템LSI사업부,설비기술,CL3,생성형 AI 활용,AI,6,2,67.0,2026-06-06
E930439,파운드리사업부,패키지개발,CL2,반도체 8대 공정,직무기초,24,21,75.0,2026-04-28
E726199,메모리사업부,S/W개발,CL2,통계적공정관리(SPC),품질,12,5,77.0,2026-07-05
E638962,DS경영지원,회로설계,CL3,통계적공정관리(SPC),품질,12,7,,2026-02-25
E254218,시스템LSI사업부,경영지원,CL4,Spotfire 데이터함수(Python),데이터분석,16,13,81.0,2026-07-16
E825559,반도체연구소,회로설계,CL2,생성형 AI 활용,AI,6,5,86.0,2026-03-25
E642671,시스템LSI사업부,품질보증,CL2,정보보호,필수,2,1,62.0,2026-06-20
E947664,파운드리사업부,SCM/생산관리,CL3,통계적공정관리(SPC),품질,12,7,,2026-02-19
E726137,글로벌인프라총괄,패키지개발,CL4,정보보호,필수,2,1,84.0,2026-03-19
E188459,DS경영지원,회로설계,CL2,Spotfire 기초,데이터분석,8,6,109.0,2026-03-12
E179489,파운드리사업부,평가및분석,CL2,Spotfire 기초,데이터분석,8,7,93.0,2026-05-22
E911693,메모리사업부,SCM/생산관리,CL3,Python 기초,데이터분석,20,16,68.0,2026-01-14
E759663,시스템LSI사업부,설비기술,CL2,Spotfire 데이터함수(Python),데이터분석,16,6,104.0,2026-04-02
E999326,메모리사업부,반도체공정기술,CL4,Spotfire 데이터함수(Python),데이터분석,16,5,76.0,2026-04-05
E988559,파운드리사업부,영업마케팅,CL3,Python 기초,데이터분석,20,13,87.0,2026-05-26
E209449,반도체연구소,회로설계,CL3,정보보호,필수,2,1,73.0,2026-06-26
E877575,글로벌인프라총괄,패키지개발,CL3,Spotfire 데이터함수(Python),데이터분석,16,9,87.0,2026-07-21
E773153,글로벌인프라총괄,회로설계,CL2,반도체 8대 공정,직무기초,24,24,67.0,2026-07-14
E603181,시스템LSI사업부,반도체공정기술,CL3,Spotfire 기초,데이터분석,8,5,,2026-06-20
E471251,파운드리사업부,경영지원,CL4,통계적공정관리(SPC),품질,12,6,68.0,2026-04-20
E742464,메모리사업부,평가및분석,CL2,정보보호,필수,2,1,96.0,2026-02-26
E694719,DS경영지원,품질보증,CL2,반도체 8대 공정,직무기초,24,17,91.0,2026-04-11
E570850,DS경영지원,품질보증,CL2,Spotfire 기초,데이터분석,8,5,84.0,2026-06-04
E787338,파운드리사업부,평가및분석,CL3,Python 기초,데이터분석,20,20,91.0,2026-06-02
E682719,반도체연구소,경영지원,CL2,반도체 8대 공정,직무기초,24,11,98.0,2026-03-27
E459191,DS경영지원,반도체공정기술,CL2,정보보호,필수,2,1,90.0,2026-06-19
E355753,메모리사업부,품질보증,CL2,정보보호,필수,2,2,86.0,2026-04-25
E796898,시스템LSI사업부,평가및분석,CL4,Spotfire 데이터함수(Python),데이터분석,16,12,78.0,2026-03-03
E359345,반도체연구소,SCM/생산관리,CL3,Spotfire 데이터함수(Python),데이터분석,16,5,79.0,2026-01-26
E509783,글로벌인프라총괄,S/W개발,CL4,통계적공정관리(SPC),품질,12,9,97.0,2026-03-25
E477924,시스템LSI사업부,설비기술,CL2,정보보호,필수,2,2,87.0,2026-03-19
E490847,시스템LSI사업부,경영지원,CL3,정보보호,필수,2,1,88.0,2026-07-02
E536707,파운드리사업부,영업마케팅,CL3,통계적공정관리(SPC),품질,12,10,88.0,2026-06-29
E697478,DS경영지원,품질보증,CL3,통계적공정관리(SPC),품질,12,10,94.0,2026-07-05
E330047,파운드리사업부,회로설계,CL2,생성형 AI 활용,AI,6,6,76.0,2026-01-07
E110853,반도체연구소,품질보증,CL4,통계적공정관리(SPC),품질,12,9,,2026-01-08
E569862,DS경영지원,반도체공정기술,CL3,Python 기초,데이터분석,20,20,81.0,2026-04-08
E950372,DS경영지원,S/W개발,CL2,정보보호,필수,2,1,105.0,2026-06-19
E641081,반도체연구소,설비기술,CL3,Python 기초,데이터분석,20,20,88.0,2026-04-28
E458569,시스템LSI사업부,경영지원,CL2,Python 기초,데이터분석,20,13,,2026-04-02
E912302,글로벌인프라총괄,경영지원,CL2,통계적공정관리(SPC),품질,12,12,98.0,2026-05-04
E306210,반도체연구소,S/W개발,CL3,Python 기초,데이터분석,20,12,96.0,2026-03-08
E455872,글로벌인프라총괄,경영지원,CL3,반도체 8대 공정,직무기초,24,24,,2026-05-23
E758129,파운드리사업부,패키지개발,CL2,통계적공정관리(SPC),품질,12,6,94.0,2026-02-07
E296536,반도체연구소,패키지개발,CL2,반도체 8대 공정,직무기초,24,20,81.0,2026-02-19
E460781,DS경영지원,S/W개발,CL3,생성형 AI 활용,AI,6,4,81.0,2026-04-30
E874682,시스템LSI사업부,패키지개발,CL3,Python 기초,데이터분석,20,17,77.0,2026-05-10
E266721,메모리사업부,반도체공정기술,CL3,반도체 8대 공정,직무기초,24,7,77.0,2026-02-20
E496411,파운드리사업부,반도체공정기술,CL3,Spotfire 데이터함수(Python),데이터분석,16,12,87.0,2026-04-24
E322154,DS경영지원,회로설계,CL2,Spotfire 기초,데이터분석,8,8,99.0,2026-06-17
E675180,반도체연구소,회로설계,CL3,생성형 AI 활용,AI,6,5,81.0,2026-03-12
E910789,파운드리사업부,회로설계,CL2,Spotfire 기초,데이터분석,8,5,73.0,2026-03-12
E492549,메모리사업부,평가및분석,CL2,Spotfire 기초,데이터분석,8,7,77.0,2026-02-16
E916010,DS경영지원,반도체공정기술,CL2,Spotfire 데이터함수(Python),데이터분석,16,7,85.0,2026-05-15
E201478,파운드리사업부,반도체공정기술,CL3,반도체 8대 공정,직무기초,24,20,79.0,2026-06-11
E354595,DS경영지원,패키지개발,CL3,반도체 8대 공정,직무기초,24,20,74.0,2026-03-17
E418045,파운드리사업부,회로설계,CL2,반도체 8대 공정,직무기초,24,21,102.0,2026-04-09
E943074,파운드리사업부,평가및분석,CL3,Spotfire 기초,데이터분석,8,6,85.0,2026-02-09
E555873,반도체연구소,설비기술,CL3,Spotfire 기초,데이터분석,8,4,92.0,2026-02-04
E781575,반도체연구소,평가및분석,CL3,생성형 AI 활용,AI,6,4,88.0,2026-06-01
E589129,반도체연구소,경영지원,CL2,Spotfire 기초,데이터분석,8,4,82.0,2026-02-02
E760461,반도체연구소,패키지개발,CL3,Python 기초,데이터분석,20,20,88.0,2026-05-21
E132827,DS경영지원,SCM/생산관리,CL3,Spotfire 기초,데이터분석,8,4,89.0,2026-06-01
E632984,DS경영지원,반도체공정기술,CL3,Spotfire 데이터함수(Python),데이터분석,16,15,87.0,2026-06-29
E932042,파운드리사업부,품질보증,CL4,반도체 8대 공정,직무기초,24,14,96.0,2026-05-16
E748862,시스템LSI사업부,S/W개발,CL3,Spotfire 데이터함수(Python),데이터분석,16,15,,2026-04-25
E852463,메모리사업부,평가및분석,CL3,정보보호,필수,2,2,75.0,2026-06-06
E536141,시스템LSI사업부,경영지원,CL2,생성형 AI 활용,AI,6,5,92.0,2026-04-13
E812425,DS경영지원,품질보증,CL2,통계적공정관리(SPC),품질,12,11,86.0,2026-03-08
E587146,DS경영지원,설비기술,CL3,반도체 8대 공정,직무기초,24,17,90.0,2026-05-15
E583619,파운드리사업부,경영지원,CL3,통계적공정관리(SPC),품질,12,11,81.0,2026-06-03
E390917,메모리사업부,경영지원,CL3,Spotfire 기초,데이터분석,8,4,80.0,2026-04-09
E378152,시스템LSI사업부,패키지개발,CL2,통계적공정관리(SPC),품질,12,8,,2026-06-22
E277527,메모리사업부,SCM/생산관리,CL2,Spotfire 데이터함수(Python),데이터분석,16,10,,2026-07-08
E777647,시스템LSI사업부,평가및분석,CL2,Python 기초,데이터분석,20,8,,2026-05-02
E114160,DS경영지원,설비기술,CL2,생성형 AI 활용,AI,6,5,,2026-05-05
E979094,글로벌인프라총괄,패키지개발,CL2,Spotfire 기초,데이터분석,8,6,84.0,2026-03-21
E757607,시스템LSI사업부,평가및분석,CL2,Spotfire 데이터함수(Python),데이터분석,16,7,80.0,2026-05-16
E231576,DS경영지원,설비기술,CL2,통계적공정관리(SPC),품질,12,12,71.0,2026-02-10
E816265,반도체연구소,SCM/생산관리,CL4,반도체 8대 공정,직무기초,24,23,,2026-07-21
E344693,시스템LSI사업부,평가및분석,CL2,반도체 8대 공정,직무기초,24,24,96.0,2026-06-03
E957641,글로벌인프라총괄,반도체공정기술,CL3,생성형 AI 활용,AI,6,5,93.0,2026-03-19
E281902,메모리사업부,평가및분석,CL4,Python 기초,데이터분석,20,17,80.0,2026-03-04
E721172,파운드리사업부,설비기술,CL2,Python 기초,데이터분석,20,13,88.0,2026-01-30
E173887,글로벌인프라총괄,설비기술,CL2,통계적공정관리(SPC),품질,12,9,93.0,2026-03-05
E116584,글로벌인프라총괄,영업마케팅,CL3,통계적공정관리(SPC),품질,12,6,80.0,2026-05-16
E526638,글로벌인프라총괄,SCM/생산관리,CL3,생성형 AI 활용,AI,6,2,91.0,2026-02-08
E506260,글로벌인프라총괄,평가및분석,CL3,Spotfire 기초,데이터분석,8,6,95.0,2026-07-12
E549681,DS경영지원,설비기술,CL3,Python 기초,데이터분석,20,5,91.0,2026-01-16
E622322,DS경영지원,SCM/생산관리,CL2,Spotfire 데이터함수(Python),데이터분석,16,15,94.0,2026-04-02
E424674,반도체연구소,품질보증,CL2,생성형 AI 활용,AI,6,3,93.0,2026-03-20
E321536,반도체연구소,경영지원,CL2,Spotfire 기초,데이터분석,8,4,85.0,2026-03-16
E291697,DS경영지원,품질보증,CL2,생성형 AI 활용,AI,6,3,,2026-07-22
E714071,파운드리사업부,SCM/생산관리,CL4,Spotfire 기초,데이터분석,8,6,82.0,2026-04-26
E314778,파운드리사업부,패키지개발,CL3,생성형 AI 활용,AI,6,5,,2026-03-23
E836659,파운드리사업부,반도체공정기술,CL3,Spotfire 데이터함수(Python),데이터분석,16,15,73.0,2026-02-25
E254861,시스템LSI사업부,품질보증,CL2,Python 기초,데이터분석,20,14,,2026-06-10
E380464,메모리사업부,품질보증,CL2,통계적공정관리(SPC),품질,12,6,,2026-04-28
E954299,글로벌인프라총괄,S/W개발,CL3,정보보호,필수,2,2,87.0,2026-05-13
E108131,시스템LSI사업부,품질보증,CL2,정보보호,필수,2,1,91.0,2026-06-13
E850734,DS경영지원,패키지개발,CL2,Spotfire 데이터함수(Python),데이터분석,16,16,,2026-04-15
E702715,반도체연구소,설비기술,CL2,Spotfire 데이터함수(Python),데이터분석,16,12,82.0,2026-02-22
E292684,파운드리사업부,반도체공정기술,CL2,통계적공정관리(SPC),품질,12,7,89.0,2026-01-31
E645965,DS경영지원,S/W개발,CL3,Spotfire 데이터함수(Python),데이터분석,16,13,95.0,2026-01-13
E955006,시스템LSI사업부,회로설계,CL2,생성형 AI 활용,AI,6,4,84.0,2026-07-10
E236324,글로벌인프라총괄,SCM/생산관리,CL3,Spotfire 기초,데이터분석,8,4,80.0,2026-01-13
E810968,파운드리사업부,경영지원,CL2,정보보호,필수,2,2,,2026-03-14
E300344,반도체연구소,품질보증,CL2,정보보호,필수,2,0,86.0,2026-06-26
E292322,시스템LSI사업부,영업마케팅,CL2,통계적공정관리(SPC),품질,12,12,,2026-06-01
E483881,DS경영지원,회로설계,CL3,생성형 AI 활용,AI,6,3,74.0,2026-05-19
E308206,반도체연구소,설비기술,CL2,Python 기초,데이터분석,20,12,75.0,2026-04-03
E395148,글로벌인프라총괄,설비기술,CL3,Spotfire 데이터함수(Python),데이터분석,16,11,85.0,2026-06-28
E231162,메모리사업부,S/W개발,CL3,생성형 AI 활용,AI,6,4,65.0,2026-07-14
E729724,반도체연구소,평가및분석,CL2,통계적공정관리(SPC),품질,12,8,84.0,2026-03-20
E823438,글로벌인프라총괄,S/W개발,CL3,Spotfire 데이터함수(Python),데이터분석,16,13,85.0,2026-01-16
E583089,글로벌인프라총괄,평가및분석,CL2,반도체 8대 공정,직무기초,24,13,88.0,2026-03-06
E914145,DS경영지원,설비기술,CL3,Spotfire 데이터함수(Python),데이터분석,16,11,93.0,2026-06-21
E818657,시스템LSI사업부,설비기술,CL3,통계적공정관리(SPC),품질,12,12,,2026-07-03
E239348,반도체연구소,반도체공정기술,CL2,생성형 AI 활용,AI,6,6,88.0,2026-04-15
E661735,파운드리사업부,SCM/생산관리,CL3,Python 기초,데이터분석,20,13,,2026-02-08
E661890,파운드리사업부,평가및분석,CL3,Spotfire 기초,데이터분석,8,5,79.0,2026-07-18
E598040,DS경영지원,품질보증,CL3,Spotfire 데이터함수(Python),데이터분석,16,12,83.0,2026-03-11
E600642,글로벌인프라총괄,S/W개발,CL2,반도체 8대 공정,직무기초,24,21,84.0,2026-07-12
E690705,파운드리사업부,평가및분석,CL4,생성형 AI 활용,AI,6,5,93.0,2026-07-22
E469725,메모리사업부,영업마케팅,CL2,반도체 8대 공정,직무기초,24,24,80.0,2026-06-20
E271606,DS경영지원,반도체공정기술,CL3,정보보호,필수,2,1,80.0,2026-07-04
E814717,시스템LSI사업부,반도체공정기술,CL2,Spotfire 기초,데이터분석,8,7,74.0,2026-04-11
E441157,반도체연구소,영업마케팅,CL3,Spotfire 데이터함수(Python),데이터분석,16,13,91.0,2026-06-28
E266751,메모리사업부,설비기술,CL2,생성형 AI 활용,AI,6,5,90.0,2026-01-21
E486739,메모리사업부,품질보증,CL3,Spotfire 기초,데이터분석,8,8,,2026-03-03
E472020,글로벌인프라총괄,반도체공정기술,CL2,정보보호,필수,2,1,80.0,2026-01-13
E139719,메모리사업부,S/W개발,CL3,반도체 8대 공정,직무기초,24,15,74.0,2026-01-10
E434757,파운드리사업부,SCM/생산관리,CL4,반도체 8대 공정,직무기초,24,0,71.0,2026-07-18
E682946,파운드리사업부,영업마케팅,CL2,Python 기초,데이터분석,20,20,88.0,2026-05-06
E232826,DS경영지원,패키지개발,CL2,Spotfire 기초,데이터분석,8,4,,2026-01-27
E657610,DS경영지원,패키지개발,CL4,생성형 AI 활용,AI,6,4,101.0,2026-05-09
E827915,반도체연구소,반도체공정기술,CL2,생성형 AI 활용,AI,6,6,92.0,2026-01-23
E640932,글로벌인프라총괄,경영지원,CL2,정보보호,필수,2,2,80.0,2026-01-25
E373628,시스템LSI사업부,SCM/생산관리,CL2,Spotfire 데이터함수(Python),데이터분석,16,11,81.0,2026-06-17
E356222,시스템LSI사업부,영업마케팅,CL3,반도체 8대 공정,직무기초,24,8,98.0,2026-02-21
E204026,반도체연구소,패키지개발,CL4,Spotfire 데이터함수(Python),데이터분석,16,11,85.0,2026-05-22
E604532,반도체연구소,S/W개발,CL2,정보보호,필수,2,1,,2026-02-27
E274113,메모리사업부,품질보증,CL2,Spotfire 기초,데이터분석,8,8,86.0,2026-04-12
E823722,시스템LSI사업부,품질보증,CL2,Spotfire 데이터함수(Python),데이터분석,16,11,99.0,2026-02-11
E881403,메모리사업부,SCM/생산관리,CL4,생성형 AI 활용,AI,6,3,81.0,2026-02-26
E161623,DS경영지원,SCM/생산관리,CL3,반도체 8대 공정,직무기초,24,21,71.0,2026-03-02
E829260,반도체연구소,회로설계,CL4,통계적공정관리(SPC),품질,12,12,75.0,2026-04-09
E898101,파운드리사업부,설비기술,CL2,정보보호,필수,2,0,87.0,2026-05-25
E886441,반도체연구소,반도체공정기술,CL2,통계적공정관리(SPC),품질,12,12,100.0,2026-04-18
E398935,시스템LSI사업부,품질보증,CL2,Spotfire 기초,데이터분석,8,6,87.0,2026-03-30
E736737,반도체연구소,SCM/생산관리,CL4,반도체 8대 공정,직무기초,24,21,91.0,2026-03-23
E219728,글로벌인프라총괄,경영지원,CL2,Spotfire 데이터함수(Python),데이터분석,16,16,103.0,2026-03-30
E503302,반도체연구소,품질보증,CL2,정보보호,필수,2,1,72.0,2026-01-30
E464840,반도체연구소,SCM/생산관리,CL3,정보보호,필수,2,2,83.0,2026-04-15
E798733,DS경영지원,S/W개발,CL2,반도체 8대 공정,직무기초,24,24,76.0,2026-05-28
E448192,파운드리사업부,SCM/생산관리,CL3,Spotfire 데이터함수(Python),데이터분석,16,16,83.0,2026-03-16
E335322,메모리사업부,영업마케팅,CL3,반도체 8대 공정,직무기초,24,24,81.0,2026-03-19
E126867,파운드리사업부,S/W개발,CL3,Spotfire 데이터함수(Python),데이터분석,16,14,82.0,2026-03-31
E712238,메모리사업부,품질보증,CL2,통계적공정관리(SPC),품질,12,12,84.0,2026-01-05
E597952,반도체연구소,품질보증,CL3,통계적공정관리(SPC),품질,12,5,74.0,2026-04-27
E636266,글로벌인프라총괄,평가및분석,CL2,Spotfire 데이터함수(Python),데이터분석,16,12,76.0,2026-01-25
E710716,글로벌인프라총괄,회로설계,CL3,Python 기초,데이터분석,20,9,100.0,2026-02-16
E765228,파운드리사업부,경영지원,CL2,Spotfire 기초,데이터분석,8,3,90.0,2026-05-18
E351763,반도체연구소,회로설계,CL2,Spotfire 데이터함수(Python),데이터분석,16,13,73.0,2026-03-30
E314952,반도체연구소,SCM/생산관리,CL4,생성형 AI 활용,AI,6,3,,2026-02-22
E500494,반도체연구소,품질보증,CL2,Spotfire 기초,데이터분석,8,5,84.0,2026-01-10
E386863,시스템LSI사업부,반도체공정기술,CL2,통계적공정관리(SPC),품질,12,9,88.0,2026-07-06
E776218,반도체연구소,영업마케팅,CL2,반도체 8대 공정,직무기초,24,18,73.0,2026-01-22
E599917,메모리사업부,설비기술,CL3,생성형 AI 활용,AI,6,3,78.0,2026-07-17
E757027,파운드리사업부,경영지원,CL2,Spotfire 기초,데이터분석,8,8,84.0,2026-03-16
E444984,메모리사업부,S/W개발,CL3,반도체 8대 공정,직무기초,24,16,,2026-07-02
E378452,반도체연구소,회로설계,CL3,Spotfire 데이터함수(Python),데이터분석,16,16,77.0,2026-05-22
E930123,파운드리사업부,SCM/생산관리,CL3,반도체 8대 공정,직무기초,24,13,86.0,2026-04-17
E261116,파운드리사업부,회로설계,CL3,Spotfire 데이터함수(Python),데이터분석,16,16,78.0,2026-01-08
E731424,시스템LSI사업부,설비기술,CL2,통계적공정관리(SPC),품질,12,7,81.0,2026-03-19
E908144,DS경영지원,패키지개발,CL3,Spotfire 데이터함수(Python),데이터분석,16,8,,2026-06-10
E495240,파운드리사업부,SCM/생산관리,CL4,Python 기초,데이터분석,20,6,76.0,2026-07-20
E400452,글로벌인프라총괄,SCM/생산관리,CL2,반도체 8대 공정,직무기초,24,24,94.0,2026-06-18
E890687,메모리사업부,품질보증,CL4,Spotfire 기초,데이터분석,8,6,75.0,2026-04-15
E155431,DS경영지원,회로설계,CL3,반도체 8대 공정,직무기초,24,21,84.0,2026-02-08
E841550,파운드리사업부,회로설계,CL3,통계적공정관리(SPC),품질,12,12,88.0,2026-04-12
E720798,DS경영지원,SCM/생산관리,CL3,Python 기초,데이터분석,20,12,90.0,2026-05-05
E969849,글로벌인프라총괄,평가및분석,CL3,생성형 AI 활용,AI,6,6,88.0,2026-04-15
E837798,반도체연구소,SCM/생산관리,CL4,반도체 8대 공정,직무기초,24,9,83.0,2026-06-05
E509927,DS경영지원,S/W개발,CL3,통계적공정관리(SPC),품질,12,11,76.0,2026-01-11
E595718,파운드리사업부,평가및분석,CL3,Spotfire 기초,데이터분석,8,7,72.0,2026-03-02
E696704,글로벌인프라총괄,경영지원,CL2,Python 기초,데이터분석,20,14,95.0,2026-03-08
E211511,DS경영지원,설비기술,CL2,생성형 AI 활용,AI,6,1,88.0,2026-03-17
E465939,글로벌인프라총괄,설비기술,CL3,생성형 AI 활용,AI,6,6,93.0,2026-01-13
E728660,반도체연구소,SCM/생산관리,CL2,통계적공정관리(SPC),품질,12,6,90.0,2026-07-20
E817746,파운드리사업부,S/W개발,CL4,Spotfire 기초,데이터분석,8,6,77.0,2026-03-20
E813190,파운드리사업부,품질보증,CL4,Python 기초,데이터분석,20,15,92.0,2026-02-15
E704818,반도체연구소,반도체공정기술,CL3,반도체 8대 공정,직무기초,24,24,77.0,2026-03-29
E572005,파운드리사업부,S/W개발,CL2,정보보호,필수,2,1,74.0,2026-06-09
E239495,반도체연구소,설비기술,CL3,Spotfire 기초,데이터분석,8,7,75.0,2026-02-02
E486645,글로벌인프라총괄,S/W개발,CL3,Spotfire 기초,데이터분석,8,7,75.0,2026-01-08
E424267,글로벌인프라총괄,패키지개발,CL4,생성형 AI 활용,AI,6,5,,2026-03-14
E717581,글로벌인프라총괄,S/W개발,CL3,Spotfire 데이터함수(Python),데이터분석,16,14,80.0,2026-01-28
E974474,파운드리사업부,설비기술,CL2,Spotfire 데이터함수(Python),데이터분석,16,16,84.0,2026-01-25
E420781,파운드리사업부,패키지개발,CL3,정보보호,필수,2,2,99.0,2026-01-20
E265732,글로벌인프라총괄,회로설계,CL3,통계적공정관리(SPC),품질,12,7,89.0,2026-06-02
E975223,메모리사업부,반도체공정기술,CL2,Python 기초,데이터분석,20,14,,2026-02-22
E594965,반도체연구소,품질보증,CL3,생성형 AI 활용,AI,6,4,77.0,2026-06-05
E607031,글로벌인프라총괄,SCM/생산관리,CL2,Spotfire 데이터함수(Python),데이터분석,16,14,79.0,2026-03-28
E162125,DS경영지원,평가및분석,CL3,반도체 8대 공정,직무기초,24,18,91.0,2026-02-23
E873115,파운드리사업부,영업마케팅,CL2,생성형 AI 활용,AI,6,4,,2026-02-28
E586956,반도체연구소,회로설계,CL2,Spotfire 데이터함수(Python),데이터분석,16,15,81.0,2026-03-20
E590639,메모리사업부,설비기술,CL3,반도체 8대 공정,직무기초,24,24,88.0,2026-05-28
E561366,메모리사업부,경영지원,CL2,생성형 AI 활용,AI,6,5,90.0,2026-03-31
E582529,시스템LSI사업부,영업마케팅,CL3,생성형 AI 활용,AI,6,5,84.0,2026-01-20
E400805,파운드리사업부,회로설계,CL3,Spotfire 데이터함수(Python),데이터분석,16,16,100.0,2026-02-26
E565901,시스템LSI사업부,회로설계,CL3,반도체 8대 공정,직무기초,24,13,,2026-04-04
E815772,글로벌인프라총괄,평가및분석,CL3,Spotfire 기초,데이터분석,8,8,92.0,2026-02-10
E732921,반도체연구소,SCM/생산관리,CL3,정보보호,필수,2,1,98.0,2026-03-26
E601999,반도체연구소,SCM/생산관리,CL2,반도체 8대 공정,직무기초,24,14,89.0,2026-07-01
E213351,메모리사업부,패키지개발,CL3,Spotfire 기초,데이터분석,8,8,82.0,2026-04-02
E715551,글로벌인프라총괄,품질보증,CL2,통계적공정관리(SPC),품질,12,10,78.0,2026-02-26
E739561,메모리사업부,회로설계,CL2,Spotfire 데이터함수(Python),데이터분석,16,16,95.0,2026-04-11
E506389,DS경영지원,회로설계,CL4,Spotfire 기초,데이터분석,8,6,97.0,2026-05-08
E956591,반도체연구소,품질보증,CL3,Spotfire 기초,데이터분석,8,6,80.0,2026-04-18
E753337,DS경영지원,S/W개발,CL4,Spotfire 데이터함수(Python),데이터분석,16,10,85.0,2026-04-13
E582110,파운드리사업부,경영지원,CL2,Python 기초,데이터분석,20,16,98.0,2026-04-24
E725807,글로벌인프라총괄,경영지원,CL2,Python 기초,데이터분석,20,15,77.0,2026-07-23
E219964,반도체연구소,경영지원,CL3,Spotfire 데이터함수(Python),데이터분석,16,15,93.0,2026-07-13
E719851,파운드리사업부,SCM/생산관리,CL2,Spotfire 데이터함수(Python),데이터분석,16,11,87.0,2026-03-12
E814380,반도체연구소,SCM/생산관리,CL3,Python 기초,데이터분석,20,14,93.0,2026-05-12
E979259,글로벌인프라총괄,영업마케팅,CL4,통계적공정관리(SPC),품질,12,4,89.0,2026-06-01
E465910,DS경영지원,S/W개발,CL2,정보보호,필수,2,1,77.0,2026-05-21
E247670,메모리사업부,품질보증,CL2,Python 기초,데이터분석,20,19,93.0,2026-02-18
E486120,시스템LSI사업부,경영지원,CL3,Python 기초,데이터분석,20,12,96.0,2026-01-30
E114302,시스템LSI사업부,회로설계,CL4,Spotfire 데이터함수(Python),데이터분석,16,8,82.0,2026-03-04
E324494,DS경영지원,반도체공정기술,CL2,생성형 AI 활용,AI,6,4,77.0,2026-02-22
E293504,DS경영지원,반도체공정기술,CL2,생성형 AI 활용,AI,6,5,90.0,2026-05-23
E848794,글로벌인프라총괄,S/W개발,CL3,Python 기초,데이터분석,20,17,75.0,2026-05-05
E298605,반도체연구소,반도체공정기술,CL2,통계적공정관리(SPC),품질,12,8,85.0,2026-01-07
E242672,메모리사업부,반도체공정기술,CL3,생성형 AI 활용,AI,6,6,81.0,2026-04-24
E208098,시스템LSI사업부,영업마케팅,CL2,Spotfire 기초,데이터분석,8,7,96.0,2026-02-01
E457021,반도체연구소,평가및분석,CL4,Spotfire 데이터함수(Python),데이터분석,16,16,99.0,2026-01-05
E773013,글로벌인프라총괄,회로설계,CL3,생성형 AI 활용,AI,6,5,83.0,2026-05-19
E528984,시스템LSI사업부,반도체공정기술,CL3,생성형 AI 활용,AI,6,4,80.0,2026-02-27
E895018,시스템LSI사업부,SCM/생산관리,CL4,Spotfire 데이터함수(Python),데이터분석,16,11,83.0,2026-07-01
E387806,글로벌인프라총괄,평가및분석,CL2,통계적공정관리(SPC),품질,12,4,96.0,2026-03-01
E963997,글로벌인프라총괄,경영지원,CL3,생성형 AI 활용,AI,6,4,97.0,2026-05-15
E322726,시스템LSI사업부,반도체공정기술,CL3,Python 기초,데이터분석,20,14,99.0,2026-03-04
E846458,메모리사업부,회로설계,CL2,정보보호,필수,2,1,82.0,2026-02-19
E338356,시스템LSI사업부,SCM/생산관리,CL3,Spotfire 기초,데이터분석,8,5,87.0,2026-05-18
E546111,반도체연구소,반도체공정기술,CL3,통계적공정관리(SPC),품질,12,5,80.0,2026-04-02
E887303,메모리사업부,패키지개발,CL4,반도체 8대 공정,직무기초,24,12,86.0,2026-06-24
E177260,시스템LSI사업부,평가및분석,CL2,반도체 8대 공정,직무기초,24,18,69.0,2026-05-12
E174049,글로벌인프라총괄,패키지개발,CL3,Python 기초,데이터분석,20,9,66.0,2026-06-27
E253953,파운드리사업부,회로설계,CL3,정보보호,필수,2,1,91.0,2026-04-12
E508504,반도체연구소,반도체공정기술,CL4,Spotfire 기초,데이터분석,8,8,,2026-02-20
E143595,글로벌인프라총괄,패키지개발,CL2,Spotfire 데이터함수(Python),데이터분석,16,16,75.0,2026-05-25
E140946,DS경영지원,설비기술,CL2,생성형 AI 활용,AI,6,6,78.0,2026-06-09
E388653,글로벌인프라총괄,영업마케팅,CL2,Spotfire 데이터함수(Python),데이터분석,16,11,84.0,2026-04-04
E339243,메모리사업부,반도체공정기술,CL3,생성형 AI 활용,AI,6,4,87.0,2026-02-18
E988851,글로벌인프라총괄,반도체공정기술,CL4,생성형 AI 활용,AI,6,3,66.0,2026-05-22
E716327,파운드리사업부,경영지원,CL4,생성형 AI 활용,AI,6,6,87.0,2026-05-20
E972378,반도체연구소,패키지개발,CL3,Spotfire 기초,데이터분석,8,4,81.0,2026-07-09
E461158,시스템LSI사업부,S/W개발,CL2,Spotfire 데이터함수(Python),데이터분석,16,16,92.0,2026-02-22
E256249,글로벌인프라총괄,반도체공정기술,CL2,Spotfire 데이터함수(Python),데이터분석,16,7,98.0,2026-04-19
E188021,시스템LSI사업부,평가및분석,CL4,통계적공정관리(SPC),품질,12,10,97.0,2026-05-02
E449721,파운드리사업부,경영지원,CL3,반도체 8대 공정,직무기초,24,14,92.0,2026-07-14
E467568,메모리사업부,평가및분석,CL2,반도체 8대 공정,직무기초,24,24,,2026-02-16
E762375,메모리사업부,회로설계,CL4,반도체 8대 공정,직무기초,24,24,88.0,2026-07-19
E386399,파운드리사업부,경영지원,CL3,반도체 8대 공정,직무기초,24,12,,2026-06-07
E870327,DS경영지원,영업마케팅,CL4,통계적공정관리(SPC),품질,12,12,77.0,2026-07-14
E891742,시스템LSI사업부,설비기술,CL4,Python 기초,데이터분석,20,14,,2026-04-16
E634983,메모리사업부,회로설계,CL3,통계적공정관리(SPC),품질,12,3,74.0,2026-01-24
E107343,반도체연구소,영업마케팅,CL3,Python 기초,데이터분석,20,12,,2026-03-18
E338824,반도체연구소,반도체공정기술,CL4,통계적공정관리(SPC),품질,12,11,80.0,2026-03-18
E215775,반도체연구소,반도체공정기술,CL2,반도체 8대 공정,직무기초,24,13,80.0,2026-05-05
E674270,글로벌인프라총괄,S/W개발,CL3,통계적공정관리(SPC),품질,12,9,63.0,2026-06-07
E831777,메모리사업부,S/W개발,CL2,반도체 8대 공정,직무기초,24,18,80.0,2026-02-23
E134692,글로벌인프라총괄,회로설계,CL3,반도체 8대 공정,직무기초,24,8,81.0,2026-03-20
E695232,글로벌인프라총괄,패키지개발,CL2,정보보호,필수,2,1,77.0,2026-06-16
E951170,시스템LSI사업부,평가및분석,CL3,반도체 8대 공정,직무기초,24,2,74.0,2026-04-13
E719007,DS경영지원,S/W개발,CL3,Spotfire 데이터함수(Python),데이터분석,16,13,71.0,2026-01-09
E404818,반도체연구소,설비기술,CL4,반도체 8대 공정,직무기초,24,22,93.0,2026-06-19
E798647,반도체연구소,설비기술,CL2,Python 기초,데이터분석,20,16,71.0,2026-04-22
E103890,파운드리사업부,회로설계,CL2,정보보호,필수,2,0,84.0,2026-01-11
E407247,시스템LSI사업부,S/W개발,CL2,정보보호,필수,2,0,84.0,2026-05-25
E279628,글로벌인프라총괄,경영지원,CL2,생성형 AI 활용,AI,6,5,83.0,2026-04-06
E360031,DS경영지원,반도체공정기술,CL3,Spotfire 기초,데이터분석,8,8,94.0,2026-06-30
E624813,시스템LSI사업부,S/W개발,CL2,통계적공정관리(SPC),품질,12,10,66.0,2026-06-09
E560654,글로벌인프라총괄,회로설계,CL2,Spotfire 기초,데이터분석,8,6,82.0,2026-03-30
E860113,메모리사업부,경영지원,CL2,Spotfire 데이터함수(Python),데이터분석,16,10,72.0,2026-03-14
E679781,시스템LSI사업부,회로설계,CL4,Python 기초,데이터분석,20,5,91.0,2026-05-30
E773210,시스템LSI사업부,평가및분석,CL2,Spotfire 데이터함수(Python),데이터분석,16,8,84.0,2026-01-21
E358013,시스템LSI사업부,반도체공정기술,CL2,통계적공정관리(SPC),품질,12,12,66.0,2026-05-27
E811070,글로벌인프라총괄,S/W개발,CL3,생성형 AI 활용,AI,6,4,83.0,2026-04-10
E540466,DS경영지원,설비기술,CL3,Python 기초,데이터분석,20,20,82.0,2026-02-21
E683952,시스템LSI사업부,경영지원,CL3,Spotfire 기초,데이터분석,8,6,83.0,2026-07-07
E263274,메모리사업부,SCM/생산관리,CL2,생성형 AI 활용,AI,6,5,,2026-05-17
E169628,시스템LSI사업부,SCM/생산관리,CL2,반도체 8대 공정,직무기초,24,18,95.0,2026-06-05
E561260,반도체연구소,회로설계,CL3,반도체 8대 공정,직무기초,24,24,88.0,2026-02-26
E480022,메모리사업부,품질보증,CL4,생성형 AI 활용,AI,6,3,107.0,2026-06-13
E969911,DS경영지원,패키지개발,CL3,Python 기초,데이터분석,20,17,93.0,2026-02-10
E846290,반도체연구소,반도체공정기술,CL4,반도체 8대 공정,직무기초,24,15,76.0,2026-01-12
E358664,파운드리사업부,경영지원,CL2,통계적공정관리(SPC),품질,12,7,76.0,2026-02-10
E576269,반도체연구소,영업마케팅,CL2,반도체 8대 공정,직무기초,24,13,91.0,2026-04-19
E317962,파운드리사업부,회로설계,CL3,Spotfire 기초,데이터분석,8,7,87.0,2026-02-19
E903251,파운드리사업부,품질보증,CL4,반도체 8대 공정,직무기초,24,9,83.0,2026-06-14
E720765,파운드리사업부,품질보증,CL3,통계적공정관리(SPC),품질,12,7,,2026-04-25
E998800,메모리사업부,회로설계,CL2,Spotfire 데이터함수(Python),데이터분석,16,13,,2026-03-08
E670042,시스템LSI사업부,반도체공정기술,CL4,Spotfire 기초,데이터분석,8,3,101.0,2026-01-06
E544631,DS경영지원,경영지원,CL2,생성형 AI 활용,AI,6,3,82.0,2026-01-19
E404792,DS경영지원,품질보증,CL4,생성형 AI 활용,AI,6,6,76.0,2026-06-17
E274023,메모리사업부,회로설계,CL3,Spotfire 데이터함수(Python),데이터분석,16,16,74.0,2026-02-10
E177107,반도체연구소,SCM/생산관리,CL3,Spotfire 기초,데이터분석,8,6,82.0,2026-01-24
E862110,반도체연구소,회로설계,CL3,Spotfire 기초,데이터분석,8,6,76.0,2026-04-09
E866324,반도체연구소,영업마케팅,CL2,Spotfire 데이터함수(Python),데이터분석,16,14,80.0,2026-07-13
E929102,시스템LSI사업부,반도체공정기술,CL3,반도체 8대 공정,직무기초,24,23,92.0,2026-03-19
E926093,메모리사업부,SCM/생산관리,CL3,Spotfire 데이터함수(Python),데이터분석,16,14,77.0,2026-05-16
E980699,파운드리사업부,S/W개발,CL2,Python 기초,데이터분석,20,19,80.0,2026-01-06
E306745,메모리사업부,평가및분석,CL3,Python 기초,데이터분석,20,20,86.0,2026-03-28
E784647,글로벌인프라총괄,SCM/생산관리,CL3,Spotfire 데이터함수(Python),데이터분석,16,16,,2026-04-12
E211383,반도체연구소,SCM/생산관리,CL2,Spotfire 기초,데이터분석,8,4,89.0,2026-06-09
E912481,반도체연구소,S/W개발,CL3,반도체 8대 공정,직무기초,24,21,86.0,2026-01-29
E653924,글로벌인프라총괄,패키지개발,CL3,정보보호,필수,2,1,86.0,2026-04-12
E895543,메모리사업부,S/W개발,CL4,통계적공정관리(SPC),품질,12,7,76.0,2026-03-27
E856247,글로벌인프라총괄,경영지원,CL2,통계적공정관리(SPC),품질,12,9,86.0,2026-01-10
E601829,DS경영지원,반도체공정기술,CL2,Spotfire 기초,데이터분석,8,5,96.0,2026-01-18
E745658,메모리사업부,영업마케팅,CL2,Spotfire 기초,데이터분석,8,6,73.0,2026-03-15
E276481,글로벌인프라총괄,영업마케팅,CL4,Python 기초,데이터분석,20,15,81.0,2026-07-05
E152611,메모리사업부,경영지원,CL2,Python 기초,데이터분석,20,18,81.0,2026-06-11
E715973,반도체연구소,경영지원,CL3,Python 기초,데이터분석,20,8,92.0,2026-01-19
E673795,DS경영지원,SCM/생산관리,CL4,반도체 8대 공정,직무기초,24,15,87.0,2026-01-24
E732907,시스템LSI사업부,패키지개발,CL3,반도체 8대 공정,직무기초,24,24,74.0,2026-07-09
E524100,시스템LSI사업부,회로설계,CL2,통계적공정관리(SPC),품질,12,10,88.0,2026-05-20
E816201,시스템LSI사업부,SCM/생산관리,CL2,Spotfire 데이터함수(Python),데이터분석,16,16,81.0,2026-05-13
E426268,DS경영지원,영업마케팅,CL2,Python 기초,데이터분석,20,17,,2026-01-17
E280454,반도체연구소,품질보증,CL3,Spotfire 기초,데이터분석,8,8,77.0,2026-01-20
E435114,글로벌인프라총괄,경영지원,CL2,생성형 AI 활용,AI,6,5,79.0,2026-05-29
E917819,글로벌인프라총괄,경영지원,CL2,Spotfire 데이터함수(Python),데이터분석,16,13,77.0,2026-03-17
E556297,시스템LSI사업부,회로설계,CL2,Spotfire 기초,데이터분석,8,4,81.0,2026-01-31
E236307,메모리사업부,품질보증,CL2,생성형 AI 활용,AI,6,6,,2026-07-13
E487210,반도체연구소,평가및분석,CL2,Python 기초,데이터분석,20,19,92.0,2026-06-13
E593784,반도체연구소,품질보증,CL3,통계적공정관리(SPC),품질,12,8,77.0,2026-01-31
E892076,반도체연구소,품질보증,CL2,생성형 AI 활용,AI,6,6,75.0,2026-06-21
E651850,파운드리사업부,패키지개발,CL3,반도체 8대 공정,직무기초,24,11,75.0,2026-04-28
E362214,시스템LSI사업부,평가및분석,CL2,정보보호,필수,2,2,,2026-05-02
E808843,파운드리사업부,S/W개발,CL3,Spotfire 데이터함수(Python),데이터분석,16,14,76.0,2026-05-07
E881589,메모리사업부,설비기술,CL2,Python 기초,데이터분석,20,16,90.0,2026-04-17
E757009,글로벌인프라총괄,평가및분석,CL2,통계적공정관리(SPC),품질,12,12,93.0,2026-01-20
E158329,시스템LSI사업부,평가및분석,CL2,반도체 8대 공정,직무기초,24,24,87.0,2026-02-21
E699060,반도체연구소,SCM/생산관리,CL3,생성형 AI 활용,AI,6,3,96.0,2026-06-03
E392728,DS경영지원,S/W개발,CL2,통계적공정관리(SPC),품질,12,5,75.0,2026-03-08
E555064,반도체연구소,패키지개발,CL2,생성형 AI 활용,AI,6,2,78.0,2026-05-14
E242499,DS경영지원,패키지개발,CL2,생성형 AI 활용,AI,6,4,,2026-02-04
E118589,시스템LSI사업부,SCM/생산관리,CL2,정보보호,필수,2,1,76.0,2026-05-07
E607187,DS경영지원,평가및분석,CL2,Python 기초,데이터분석,20,11,74.0,2026-07-13
E689204,DS경영지원,회로설계,CL3,생성형 AI 활용,AI,6,3,,2026-03-01
E459207,메모리사업부,회로설계,CL2,통계적공정관리(SPC),품질,12,6,67.0,2026-06-20
E583446,메모리사업부,패키지개발,CL2,Spotfire 기초,데이터분석,8,6,85.0,2026-02-26
E439862,파운드리사업부,회로설계,CL3,통계적공정관리(SPC),품질,12,7,70.0,2026-07-18
E117149,시스템LSI사업부,경영지원,CL3,정보보호,필수,2,1,78.0,2026-03-19
E859662,글로벌인프라총괄,반도체공정기술,CL4,통계적공정관리(SPC),품질,12,5,,2026-07-06
E905615,글로벌인프라총괄,설비기술,CL3,Python 기초,데이터분석,20,14,,2026-02-16
E569665,파운드리사업부,회로설계,CL2,Spotfire 데이터함수(Python),데이터분석,16,16,97.0,2026-04-07
E829474,메모리사업부,반도체공정기술,CL2,정보보호,필수,2,1,89.0,2026-04-07
E598797,반도체연구소,평가및분석,CL2,반도체 8대 공정,직무기초,24,24,92.0,2026-04-19
E366120,글로벌인프라총괄,영업마케팅,CL3,Spotfire 기초,데이터분석,8,8,96.0,2026-01-15
E628133,시스템LSI사업부,패키지개발,CL4,생성형 AI 활용,AI,6,5,74.0,2026-05-23
E835798,반도체연구소,S/W개발,CL3,통계적공정관리(SPC),품질,12,9,78.0,2026-04-29
E202159,반도체연구소,설비기술,CL2,Python 기초,데이터분석,20,15,98.0,2026-03-21
E405469,글로벌인프라총괄,패키지개발,CL2,통계적공정관리(SPC),품질,12,12,82.0,2026-06-15
E244270,시스템LSI사업부,S/W개발,CL4,Spotfire 기초,데이터분석,8,4,72.0,2026-01-13
E138976,글로벌인프라총괄,회로설계,CL3,Spotfire 데이터함수(Python),데이터분석,16,4,80.0,2026-01-15
E951739,파운드리사업부,SCM/생산관리,CL3,Spotfire 기초,데이터분석,8,1,84.0,2026-05-15
E315678,파운드리사업부,경영지원,CL2,Spotfire 데이터함수(Python),데이터분석,16,9,82.0,2026-06-08
E195604,반도체연구소,평가및분석,CL2,Spotfire 기초,데이터분석,8,5,81.0,2026-06-25
E566607,시스템LSI사업부,반도체공정기술,CL2,Python 기초,데이터분석,20,15,75.0,2026-07-07
E309353,메모리사업부,S/W개발,CL4,생성형 AI 활용,AI,6,5,75.0,2026-05-31
E369599,글로벌인프라총괄,설비기술,CL2,생성형 AI 활용,AI,6,4,91.0,2026-07-17
E402617,시스템LSI사업부,평가및분석,CL3,Spotfire 데이터함수(Python),데이터분석,16,16,69.0,2026-04-03
E549692,시스템LSI사업부,회로설계,CL2,Spotfire 기초,데이터분석,8,8,88.0,2026-05-07
E928263,메모리사업부,영업마케팅,CL2,반도체 8대 공정,직무기초,24,23,92.0,2026-05-22
E787030,반도체연구소,경영지원,CL4,Spotfire 데이터함수(Python),데이터분석,16,12,,2026-01-26
E440283,DS경영지원,설비기술,CL4,생성형 AI 활용,AI,6,6,,2026-05-25
E166671,메모리사업부,경영지원,CL2,Spotfire 데이터함수(Python),데이터분석,16,4,72.0,2026-05-27
E318165,DS경영지원,평가및분석,CL2,Spotfire 기초,데이터분석,8,6,71.0,2026-02-07
E437585,DS경영지원,영업마케팅,CL4,Spotfire 기초,데이터분석,8,8,80.0,2026-01-26
E807639,파운드리사업부,설비기술,CL2,반도체 8대 공정,직무기초,24,10,104.0,2026-07-23
E606460,글로벌인프라총괄,경영지원,CL3,Python 기초,데이터분석,20,18,88.0,2026-03-05
E775660,반도체연구소,S/W개발,CL2,Python 기초,데이터분석,20,16,85.0,2026-06-30
E914837,시스템LSI사업부,반도체공정기술,CL2,Python 기초,데이터분석,20,13,64.0,2026-02-13
E521371,파운드리사업부,영업마케팅,CL3,Spotfire 기초,데이터분석,8,8,75.0,2026-01-27
E128803,글로벌인프라총괄,회로설계,CL3,정보보호,필수,2,1,96.0,2026-06-30
E452832,메모리사업부,패키지개발,CL3,Spotfire 기초,데이터분석,8,8,72.0,2026-02-19
E147148,반도체연구소,SCM/생산관리,CL2,통계적공정관리(SPC),품질,12,10,78.0,2026-07-11
E211328,메모리사업부,S/W개발,CL4,통계적공정관리(SPC),품질,12,9,90.0,2026-03-12
E205876,DS경영지원,S/W개발,CL3,반도체 8대 공정,직무기초,24,21,66.0,2026-02-12
E548150,메모리사업부,SCM/생산관리,CL2,반도체 8대 공정,직무기초,24,18,82.0,2026-04-29
E331072,시스템LSI사업부,S/W개발,CL3,Spotfire 데이터함수(Python),데이터분석,16,6,75.0,2026-03-02
E293518,시스템LSI사업부,영업마케팅,CL2,Python 기초,데이터분석,20,17,73.0,2026-05-28
E722219,반도체연구소,영업마케팅,CL3,Spotfire 데이터함수(Python),데이터분석,16,5,65.0,2026-02-18
E442111,글로벌인프라총괄,설비기술,CL3,Python 기초,데이터분석,20,13,93.0,2026-06-15
E912920,DS경영지원,평가및분석,CL3,정보보호,필수,2,2,65.0,2026-05-18
E498731,시스템LSI사업부,회로설계,CL2,반도체 8대 공정,직무기초,24,18,93.0,2026-03-29
E404082,시스템LSI사업부,SCM/생산관리,CL3,Spotfire 기초,데이터분석,8,8,70.0,2026-04-30
E378956,시스템LSI사업부,평가및분석,CL2,통계적공정관리(SPC),품질,12,8,88.0,2026-03-09
E818821,메모리사업부,패키지개발,CL2,생성형 AI 활용,AI,6,4,,2026-07-14
E925559,글로벌인프라총괄,설비기술,CL2,Spotfire 데이터함수(Python),데이터분석,16,12,80.0,2026-02-27
E859904,반도체연구소,패키지개발,CL2,통계적공정관리(SPC),품질,12,8,85.0,2026-03-26
E605450,DS경영지원,반도체공정기술,CL4,통계적공정관리(SPC),품질,12,9,71.0,2026-06-12
E620286,시스템LSI사업부,품질보증,CL3,반도체 8대 공정,직무기초,24,24,85.0,2026-05-14
E680324,파운드리사업부,영업마케팅,CL2,생성형 AI 활용,AI,6,5,114.0,2026-01-25
E966087,메모리사업부,SCM/생산관리,CL3,Spotfire 기초,데이터분석,8,7,,2026-03-22
E624001,파운드리사업부,SCM/생산관리,CL3,Python 기초,데이터분석,20,17,94.0,2026-03-03
E642052,DS경영지원,반도체공정기술,CL4,Python 기초,데이터분석,20,18,83.0,2026-03-03
E722657,반도체연구소,영업마케팅,CL3,통계적공정관리(SPC),품질,12,12,67.0,2026-01-12
E761960,DS경영지원,영업마케팅,CL4,Spotfire 기초,데이터분석,8,5,90.0,2026-06-02
E791325,글로벌인프라총괄,회로설계,CL3,Spotfire 데이터함수(Python),데이터분석,16,14,77.0,2026-05-29
E752073,파운드리사업부,패키지개발,CL2,반도체 8대 공정,직무기초,24,9,85.0,2026-01-31
E267130,글로벌인프라총괄,반도체공정기술,CL2,Spotfire 데이터함수(Python),데이터분석,16,16,97.0,2026-01-15
E653828,시스템LSI사업부,반도체공정기술,CL2,Spotfire 데이터함수(Python),데이터분석,16,13,78.0,2026-03-14
E431308,메모리사업부,회로설계,CL3,Spotfire 기초,데이터분석,8,5,81.0,2026-01-29
E275438,DS경영지원,평가및분석,CL4,반도체 8대 공정,직무기초,24,9,74.0,2026-04-21
E611357,파운드리사업부,반도체공정기술,CL3,Spotfire 데이터함수(Python),데이터분석,16,12,71.0,2026-02-11
E107774,DS경영지원,S/W개발,CL2,Python 기초,데이터분석,20,17,91.0,2026-06-07
E316961,파운드리사업부,S/W개발,CL2,Spotfire 기초,데이터분석,8,6,89.0,2026-07-08
E768820,DS경영지원,패키지개발,CL3,Spotfire 기초,데이터분석,8,5,98.0,2026-04-16
E574087,DS경영지원,품질보증,CL4,Spotfire 기초,데이터분석,8,5,,2026-06-01
E500223,메모리사업부,영업마케팅,CL2,생성형 AI 활용,AI,6,6,72.0,2026-07-13
E874867,DS경영지원,S/W개발,CL3,생성형 AI 활용,AI,6,6,93.0,2026-07-04
E730646,파운드리사업부,품질보증,CL2,Python 기초,데이터분석,20,20,88.0,2026-07-18
E683726,글로벌인프라총괄,평가및분석,CL3,Python 기초,데이터분석,20,11,66.0,2026-06-27
E869374,시스템LSI사업부,품질보증,CL2,반도체 8대 공정,직무기초,24,23,,2026-04-16
E824923,파운드리사업부,경영지원,CL2,Spotfire 기초,데이터분석,8,6,,2026-03-15
E784786,반도체연구소,반도체공정기술,CL3,Python 기초,데이터분석,20,18,88.0,2026-01-26
E482470,파운드리사업부,평가및분석,CL3,통계적공정관리(SPC),품질,12,10,,2026-03-02
E278700,파운드리사업부,반도체공정기술,CL3,Spotfire 기초,데이터분석,8,5,,2026-06-25
E911063,파운드리사업부,반도체공정기술,CL2,정보보호,필수,2,2,88.0,2026-04-08
E674828,글로벌인프라총괄,설비기술,CL2,생성형 AI 활용,AI,6,4,87.0,2026-03-06
E543866,반도체연구소,평가및분석,CL3,Spotfire 기초,데이터분석,8,4,76.0,2026-05-13
E450419,메모리사업부,SCM/생산관리,CL3,Python 기초,데이터분석,20,1,72.0,2026-06-07
E230705,파운드리사업부,반도체공정기술,CL2,통계적공정관리(SPC),품질,12,9,,2026-03-25
E296991,DS경영지원,회로설계,CL2,정보보호,필수,2,1,69.0,2026-04-14
E429893,메모리사업부,설비기술,CL2,생성형 AI 활용,AI,6,5,95.0,2026-04-12
E494723,반도체연구소,S/W개발,CL2,반도체 8대 공정,직무기초,24,13,,2026-02-28
E905742,DS경영지원,회로설계,CL2,Spotfire 기초,데이터분석,8,3,79.0,2026-04-24
E294122,시스템LSI사업부,회로설계,CL3,통계적공정관리(SPC),품질,12,12,87.0,2026-01-18
E818261,글로벌인프라총괄,평가및분석,CL2,통계적공정관리(SPC),품질,12,5,90.0,2026-07-18
E491675,메모리사업부,반도체공정기술,CL2,Spotfire 기초,데이터분석,8,4,85.0,2026-06-11
E650395,DS경영지원,S/W개발,CL2,반도체 8대 공정,직무기초,24,18,,2026-04-03
E189028,메모리사업부,패키지개발,CL2,반도체 8대 공정,직무기초,24,17,,2026-06-09
E624808,파운드리사업부,평가및분석,CL3,정보보호,필수,2,1,88.0,2026-06-24
E208024,메모리사업부,SCM/생산관리,CL3,통계적공정관리(SPC),품질,12,7,89.0,2026-02-13
E245285,글로벌인프라총괄,반도체공정기술,CL3,생성형 AI 활용,AI,6,4,80.0,2026-03-05
E623943,글로벌인프라총괄,반도체공정기술,CL2,생성형 AI 활용,AI,6,4,80.0,2026-02-27
E898852,파운드리사업부,설비기술,CL3,정보보호,필수,2,1,75.0,2026-05-30
E184017,DS경영지원,영업마케팅,CL3,Spotfire 기초,데이터분석,8,3,,2026-03-28
E680778,글로벌인프라총괄,S/W개발,CL3,생성형 AI 활용,AI,6,5,80.0,2026-05-03
E385089,파운드리사업부,회로설계,CL2,생성형 AI 활용,AI,6,4,89.0,2026-04-16
E660219,반도체연구소,설비기술,CL4,생성형 AI 활용,AI,6,5,83.0,2026-02-26
E278840,DS경영지원,반도체공정기술,CL3,Spotfire 데이터함수(Python),데이터분석,16,14,82.0,2026-06-01
E203565,글로벌인프라총괄,반도체공정기술,CL4,반도체 8대 공정,직무기초,24,17,90.0,2026-04-14
E467309,시스템LSI사업부,설비기술,CL4,Python 기초,데이터분석,20,17,88.0,2026-05-10
E156709,DS경영지원,영업마케팅,CL3,반도체 8대 공정,직무기초,24,9,,2026-01-05
E913967,메모리사업부,반도체공정기술,CL2,통계적공정관리(SPC),품질,12,12,,2026-02-24
E200512,글로벌인프라총괄,반도체공정기술,CL3,반도체 8대 공정,직무기초,24,24,89.0,2026-01-20
E673378,반도체연구소,품질보증,CL2,Python 기초,데이터분석,20,7,69.0,2026-05-29
E789273,반도체연구소,S/W개발,CL3,생성형 AI 활용,AI,6,4,91.0,2026-05-17
E667903,DS경영지원,SCM/생산관리,CL3,Python 기초,데이터분석,20,20,82.0,2026-06-18
E241384,시스템LSI사업부,평가및분석,CL3,반도체 8대 공정,직무기초,24,17,,2026-03-23
E822552,파운드리사업부,설비기술,CL4,Spotfire 기초,데이터분석,8,5,72.0,2026-02-16
E848718,DS경영지원,SCM/생산관리,CL2,Python 기초,데이터분석,20,20,82.0,2026-02-13
E408937,파운드리사업부,반도체공정기술,CL2,Spotfire 데이터함수(Python),데이터분석,16,11,86.0,2026-02-01
E288092,DS경영지원,평가및분석,CL2,Spotfire 기초,데이터분석,8,6,103.0,2026-05-17
E706235,DS경영지원,경영지원,CL2,통계적공정관리(SPC),품질,12,8,,2026-06-28
E676590,메모리사업부,반도체공정기술,CL2,통계적공정관리(SPC),품질,12,6,100.0,2026-04-24
E381912,반도체연구소,품질보증,CL4,통계적공정관리(SPC),품질,12,6,96.0,2026-04-06
E414163,파운드리사업부,반도체공정기술,CL2,반도체 8대 공정,직무기초,24,22,90.0,2026-07-10
E849620,파운드리사업부,설비기술,CL3,Python 기초,데이터분석,20,13,68.0,2026-02-27
E233533,DS경영지원,품질보증,CL3,Spotfire 데이터함수(Python),데이터분석,16,10,82.0,2026-05-10
E993227,글로벌인프라총괄,경영지원,CL2,Spotfire 데이터함수(Python),데이터분석,16,11,84.0,2026-03-08
E604987,반도체연구소,반도체공정기술,CL2,생성형 AI 활용,AI,6,5,70.0,2026-05-28
E901967,글로벌인프라총괄,SCM/생산관리,CL3,Python 기초,데이터분석,20,20,87.0,2026-02-01
E914717,시스템LSI사업부,회로설계,CL4,통계적공정관리(SPC),품질,12,11,,2026-07-18
E395228,메모리사업부,반도체공정기술,CL4,Python 기초,데이터분석,20,5,107.0,2026-03-07
E319529,메모리사업부,SCM/생산관리,CL4,Python 기초,데이터분석,20,20,89.0,2026-06-03
E632286,반도체연구소,영업마케팅,CL3,통계적공정관리(SPC),품질,12,12,88.0,2026-03-07
E578801,DS경영지원,평가및분석,CL3,통계적공정관리(SPC),품질,12,6,93.0,2026-06-03
E542656,메모리사업부,설비기술,CL3,Python 기초,데이터분석,20,9,88.0,2026-01-31
E711845,DS경영지원,회로설계,CL3,Spotfire 데이터함수(Python),데이터분석,16,8,73.0,2026-01-19
E489382,파운드리사업부,영업마케팅,CL3,Spotfire 데이터함수(Python),데이터분석,16,5,73.0,2026-02-12
E238533,메모리사업부,영업마케팅,CL2,통계적공정관리(SPC),품질,12,12,93.0,2026-02-12
E387530,글로벌인프라총괄,회로설계,CL2,정보보호,필수,2,1,91.0,2026-03-01
E374791,반도체연구소,경영지원,CL2,Spotfire 기초,데이터분석,8,3,83.0,2026-02-11
E510070,반도체연구소,설비기술,CL2,Spotfire 기초,데이터분석,8,4,79.0,2026-06-01
E363169,DS경영지원,반도체공정기술,CL3,정보보호,필수,2,1,84.0,2026-05-07
E333138,메모리사업부,영업마케팅,CL3,Spotfire 기초,데이터분석,8,4,89.0,2026-02-07
E998959,글로벌인프라총괄,영업마케팅,CL2,Spotfire 기초,데이터분석,8,5,93.0,2026-04-10
E347603,파운드리사업부,설비기술,CL4,반도체 8대 공정,직무기초,24,11,87.0,2026-04-07
E352755,메모리사업부,패키지개발,CL4,반도체 8대 공정,직무기초,24,21,75.0,2026-02-28
E934993,반도체연구소,패키지개발,CL4,Spotfire 데이터함수(Python),데이터분석,16,12,86.0,2026-03-12
E564302,글로벌인프라총괄,평가및분석,CL2,Spotfire 기초,데이터분석,8,8,75.0,2026-06-25
E779987,DS경영지원,영업마케팅,CL2,Spotfire 기초,데이터분석,8,7,86.0,2026-05-27
E806152,반도체연구소,설비기술,CL2,반도체 8대 공정,직무기초,24,11,89.0,2026-06-23
E412200,시스템LSI사업부,패키지개발,CL2,Spotfire 기초,데이터분석,8,6,65.0,2026-07-17
E350333,글로벌인프라총괄,설비기술,CL2,반도체 8대 공정,직무기초,24,24,93.0,2026-03-26
E649223,메모리사업부,설비기술,CL3,통계적공정관리(SPC),품질,12,11,82.0,2026-03-01
E364330,시스템LSI사업부,S/W개발,CL2,Python 기초,데이터분석,20,20,76.0,2026-06-06
E263492,글로벌인프라총괄,품질보증,CL2,반도체 8대 공정,직무기초,24,24,91.0,2026-04-07
E568700,DS경영지원,반도체공정기술,CL2,통계적공정관리(SPC),품질,12,12,95.0,2026-04-25
E341802,시스템LSI사업부,영업마케팅,CL2,Spotfire 데이터함수(Python),데이터분석,16,8,74.0,2026-06-22
E704654,DS경영지원,설비기술,CL2,정보보호,필수,2,1,,2026-04-27
E425867,DS경영지원,SCM/생산관리,CL3,Spotfire 데이터함수(Python),데이터분석,16,16,84.0,2026-07-22
E875232,DS경영지원,평가및분석,CL3,생성형 AI 활용,AI,6,4,77.0,2026-06-23
E750540,반도체연구소,패키지개발,CL2,Python 기초,데이터분석,20,14,87.0,2026-07-19
E719580,시스템LSI사업부,패키지개발,CL2,생성형 AI 활용,AI,6,0,85.0,2026-03-23
E274062,시스템LSI사업부,설비기술,CL4,Python 기초,데이터분석,20,14,,2026-05-11
E749058,반도체연구소,영업마케팅,CL2,Python 기초,데이터분석,20,8,74.0,2026-07-07
E418131,시스템LSI사업부,평가및분석,CL3,통계적공정관리(SPC),품질,12,8,91.0,2026-02-22
E314061,시스템LSI사업부,품질보증,CL2,Spotfire 데이터함수(Python),데이터분석,16,12,95.0,2026-04-15
E315841,글로벌인프라총괄,평가및분석,CL3,생성형 AI 활용,AI,6,3,89.0,2026-04-04
E846366,글로벌인프라총괄,SCM/생산관리,CL4,Python 기초,데이터분석,20,18,73.0,2026-07-04
E413457,메모리사업부,S/W개발,CL2,Python 기초,데이터분석,20,13,74.0,2026-06-28
E252046,글로벌인프라총괄,영업마케팅,CL2,Spotfire 기초,데이터분석,8,5,,2026-01-24
E483824,글로벌인프라총괄,경영지원,CL2,정보보호,필수,2,2,,2026-05-02
E401253,메모리사업부,설비기술,CL3,생성형 AI 활용,AI,6,6,98.0,2026-03-27
E398032,DS경영지원,영업마케팅,CL3,Python 기초,데이터분석,20,16,95.0,2026-03-22
E464475,메모리사업부,SCM/생산관리,CL2,반도체 8대 공정,직무기초,24,14,,2026-06-11
E839472,DS경영지원,회로설계,CL2,반도체 8대 공정,직무기초,24,21,98.0,2026-02-14
E228032,파운드리사업부,SCM/생산관리,CL3,Spotfire 데이터함수(Python),데이터분석,16,8,80.0,2026-03-10
E479201,DS경영지원,SCM/생산관리,CL3,정보보호,필수,2,1,77.0,2026-07-20
E841876,시스템LSI사업부,회로설계,CL2,생성형 AI 활용,AI,6,5,70.0,2026-03-31
E810805,글로벌인프라총괄,S/W개발,CL2,Python 기초,데이터분석,20,20,90.0,2026-06-23
E876982,메모리사업부,반도체공정기술,CL3,Spotfire 기초,데이터분석,8,4,59.0,2026-02-06
E166098,반도체연구소,SCM/생산관리,CL4,통계적공정관리(SPC),품질,12,8,87.0,2026-02-21
E202096,글로벌인프라총괄,품질보증,CL4,통계적공정관리(SPC),품질,12,9,87.0,2026-07-08
E900746,반도체연구소,S/W개발,CL4,생성형 AI 활용,AI,6,5,,2026-05-08
E855027,시스템LSI사업부,패키지개발,CL2,생성형 AI 활용,AI,6,4,88.0,2026-03-16
E125247,DS경영지원,경영지원,CL3,생성형 AI 활용,AI,6,4,,2026-06-08
E385611,메모리사업부,영업마케팅,CL2,Python 기초,데이터분석,20,17,88.0,2026-07-21
E517939,시스템LSI사업부,영업마케팅,CL2,Python 기초,데이터분석,20,11,87.0,2026-05-16
E799242,DS경영지원,영업마케팅,CL3,반도체 8대 공정,직무기초,24,16,93.0,2026-03-27
E154142,시스템LSI사업부,반도체공정기술,CL3,Spotfire 기초,데이터분석,8,6,89.0,2026-02-03
E782772,시스템LSI사업부,반도체공정기술,CL2,정보보호,필수,2,2,78.0,2026-07-12
E233593,시스템LSI사업부,품질보증,CL2,통계적공정관리(SPC),품질,12,12,87.0,2026-04-10
E773270,파운드리사업부,설비기술,CL2,Spotfire 데이터함수(Python),데이터분석,16,16,,2026-04-20
E422245,메모리사업부,회로설계,CL2,Spotfire 데이터함수(Python),데이터분석,16,9,91.0,2026-02-25
E544651,글로벌인프라총괄,품질보증,CL3,생성형 AI 활용,AI,6,4,78.0,2026-06-04
E480785,DS경영지원,설비기술,CL2,Spotfire 기초,데이터분석,8,6,78.0,2026-04-07
E723017,DS경영지원,설비기술,CL2,생성형 AI 활용,AI,6,5,97.0,2026-01-30
E215776,DS경영지원,평가및분석,CL4,Spotfire 데이터함수(Python),데이터분석,16,6,81.0,2026-06-14
E890826,메모리사업부,S/W개발,CL3,정보보호,필수,2,1,80.0,2026-04-18
E412117,반도체연구소,패키지개발,CL2,반도체 8대 공정,직무기초,24,10,72.0,2026-06-13
E257624,시스템LSI사업부,S/W개발,CL4,정보보호,필수,2,1,68.0,2026-01-05
E370337,반도체연구소,설비기술,CL2,Spotfire 데이터함수(Python),데이터분석,16,11,98.0,2026-02-26
E837640,파운드리사업부,SCM/생산관리,CL3,생성형 AI 활용,AI,6,5,81.0,2026-03-10
E425362,글로벌인프라총괄,패키지개발,CL3,생성형 AI 활용,AI,6,3,83.0,2026-05-14
E402382,파운드리사업부,품질보증,CL2,Spotfire 기초,데이터분석,8,5,94.0,2026-06-03
E922511,메모리사업부,S/W개발,CL4,생성형 AI 활용,AI,6,5,93.0,2026-04-22
E850422,메모리사업부,품질보증,CL2,통계적공정관리(SPC),품질,12,10,79.0,2026-04-19
E729495,반도체연구소,반도체공정기술,CL2,생성형 AI 활용,AI,6,4,64.0,2026-03-26
E706115,반도체연구소,회로설계,CL4,통계적공정관리(SPC),품질,12,12,97.0,2026-05-31
E621116,DS경영지원,경영지원,CL3,반도체 8대 공정,직무기초,24,13,84.0,2026-06-24
E262837,글로벌인프라총괄,패키지개발,CL3,정보보호,필수,2,0,100.0,2026-07-14
E673002,메모리사업부,경영지원,CL3,Python 기초,데이터분석,20,20,83.0,2026-02-17
E596953,파운드리사업부,품질보증,CL2,통계적공정관리(SPC),품질,12,5,74.0,2026-05-02
E170076,반도체연구소,SCM/생산관리,CL3,반도체 8대 공정,직무기초,24,24,81.0,2026-01-07
E944864,반도체연구소,영업마케팅,CL2,정보보호,필수,2,1,90.0,2026-05-18
E211708,DS경영지원,설비기술,CL2,생성형 AI 활용,AI,6,5,85.0,2026-05-29
E280920,파운드리사업부,설비기술,CL2,Spotfire 기초,데이터분석,8,8,87.0,2026-03-07
E463203,글로벌인프라총괄,평가및분석,CL2,정보보호,필수,2,1,72.0,2026-04-29
E192626,반도체연구소,영업마케팅,CL4,Spotfire 기초,데이터분석,8,7,76.0,2026-06-30
E887422,메모리사업부,설비기술,CL4,통계적공정관리(SPC),품질,12,9,71.0,2026-01-29
E215448,글로벌인프라총괄,경영지원,CL2,생성형 AI 활용,AI,6,5,71.0,2026-03-18
E731183,DS경영지원,반도체공정기술,CL4,정보보호,필수,2,0,,2026-06-27
E928570,반도체연구소,평가및분석,CL4,Spotfire 데이터함수(Python),데이터분석,16,11,,2026-05-18
E129373,파운드리사업부,품질보증,CL3,반도체 8대 공정,직무기초,24,24,87.0,2026-04-25
E351577,DS경영지원,SCM/생산관리,CL2,Python 기초,데이터분석,20,15,80.0,2026-06-30
E724790,반도체연구소,경영지원,CL3,Spotfire 데이터함수(Python),데이터분석,16,16,78.0,2026-05-03
E595357,반도체연구소,설비기술,CL2,Python 기초,데이터분석,20,18,96.0,2026-03-27
E974909,파운드리사업부,경영지원,CL4,생성형 AI 활용,AI,6,6,85.0,2026-02-08
E667587,파운드리사업부,설비기술,CL2,Spotfire 데이터함수(Python),데이터분석,16,13,86.0,2026-01-19
E846949,반도체연구소,반도체공정기술,CL3,정보보호,필수,2,1,83.0,2026-01-31
E339615,메모리사업부,설비기술,CL4,정보보호,필수,2,1,88.0,2026-02-16
E562894,글로벌인프라총괄,품질보증,CL3,정보보호,필수,2,0,88.0,2026-07-15
E333330,DS경영지원,품질보증,CL3,Spotfire 기초,데이터분석,8,7,,2026-02-12
E862339,DS경영지원,품질보증,CL3,정보보호,필수,2,1,79.0,2026-01-14
E641467,DS경영지원,회로설계,CL4,반도체 8대 공정,직무기초,24,21,,2026-07-02
E600435,파운드리사업부,경영지원,CL2,Spotfire 기초,데이터분석,8,7,81.0,2026-05-17
E597132,글로벌인프라총괄,설비기술,CL2,Python 기초,데이터분석,20,15,90.0,2026-07-06
E193027,글로벌인프라총괄,SCM/생산관리,CL4,생성형 AI 활용,AI,6,6,81.0,2026-06-05
E160434,DS경영지원,S/W개발,CL4,Spotfire 기초,데이터분석,8,7,75.0,2026-05-07
E250263,시스템LSI사업부,품질보증,CL2,반도체 8대 공정,직무기초,24,13,71.0,2026-01-11
E492786,DS경영지원,회로설계,CL2,Python 기초,데이터분석,20,13,76.0,2026-06-11
E132409,시스템LSI사업부,품질보증,CL3,정보보호,필수,2,1,,2026-03-07
E420316,파운드리사업부,반도체공정기술,CL2,Spotfire 기초,데이터분석,8,4,,2026-01-24
E323424,글로벌인프라총괄,패키지개발,CL2,통계적공정관리(SPC),품질,12,6,88.0,2026-01-24
E929360,메모리사업부,회로설계,CL3,정보보호,필수,2,2,100.0,2026-04-02
E371317,글로벌인프라총괄,반도체공정기술,CL2,생성형 AI 활용,AI,6,3,71.0,2026-03-12
E323623,반도체연구소,패키지개발,CL2,Spotfire 데이터함수(Python),데이터분석,16,16,71.0,2026-02-27
E781191,반도체연구소,영업마케팅,CL3,생성형 AI 활용,AI,6,5,,2026-06-16
E393892,DS경영지원,회로설계,CL2,정보보호,필수,2,1,80.0,2026-07-07
E509514,파운드리사업부,SCM/생산관리,CL2,Spotfire 기초,데이터분석,8,8,75.0,2026-05-03
E255072,파운드리사업부,평가및분석,CL3,Spotfire 데이터함수(Python),데이터분석,16,5,91.0,2026-05-02
E669258,반도체연구소,회로설계,CL2,통계적공정관리(SPC),품질,12,12,72.0,2026-05-23
E485415,글로벌인프라총괄,영업마케팅,CL4,Spotfire 데이터함수(Python),데이터분석,16,16,79.0,2026-01-10
E860624,반도체연구소,반도체공정기술,CL2,반도체 8대 공정,직무기초,24,23,72.0,2026-03-29
E860656,파운드리사업부,패키지개발,CL2,Spotfire 데이터함수(Python),데이터분석,16,7,,2026-03-05
E397063,파운드리사업부,영업마케팅,CL3,Spotfire 기초,데이터분석,8,3,,2026-05-17
E294673,시스템LSI사업부,영업마케팅,CL3,Python 기초,데이터분석,20,15,81.0,2026-06-28
E343165,시스템LSI사업부,경영지원,CL2,Spotfire 데이터함수(Python),데이터분석,16,15,67.0,2026-04-14
E124629,DS경영지원,영업마케팅,CL4,통계적공정관리(SPC),품질,12,10,77.0,2026-06-27
E511416,파운드리사업부,평가및분석,CL3,Python 기초,데이터분석,20,15,79.0,2026-07-10
E122998,시스템LSI사업부,설비기술,CL2,Python 기초,데이터분석,20,12,85.0,2026-02-26
E309380,시스템LSI사업부,품질보증,CL2,정보보호,필수,2,2,78.0,2026-06-07
E813404,시스템LSI사업부,SCM/생산관리,CL3,Python 기초,데이터분석,20,10,87.0,2026-01-16
E552509,파운드리사업부,설비기술,CL2,Spotfire 데이터함수(Python),데이터분석,16,6,78.0,2026-07-10
E790042,파운드리사업부,패키지개발,CL2,반도체 8대 공정,직무기초,24,10,79.0,2026-06-14
E486434,파운드리사업부,SCM/생산관리,CL2,반도체 8대 공정,직무기초,24,14,85.0,2026-07-23
E979058,글로벌인프라총괄,회로설계,CL3,Spotfire 기초,데이터분석,8,5,79.0,2026-05-04
E503991,반도체연구소,회로설계,CL3,통계적공정관리(SPC),품질,12,9,100.0,2026-02-20
E386130,글로벌인프라총괄,영업마케팅,CL2,Python 기초,데이터분석,20,20,78.0,2026-01-17
E648040,반도체연구소,품질보증,CL4,Spotfire 데이터함수(Python),데이터분석,16,8,98.0,2026-01-19
E494930,DS경영지원,경영지원,CL3,Spotfire 데이터함수(Python),데이터분석,16,6,94.0,2026-02-21
E463776,DS경영지원,반도체공정기술,CL4,생성형 AI 활용,AI,6,1,,2026-06-22
E417768,메모리사업부,SCM/생산관리,CL2,통계적공정관리(SPC),품질,12,11,67.0,2026-03-29
E533180,DS경영지원,설비기술,CL4,Spotfire 데이터함수(Python),데이터분석,16,16,91.0,2026-06-15
E484845,글로벌인프라총괄,패키지개발,CL3,생성형 AI 활용,AI,6,6,97.0,2026-03-10
E671914,DS경영지원,설비기술,CL2,정보보호,필수,2,0,91.0,2026-01-09
E892423,반도체연구소,SCM/생산관리,CL4,Spotfire 기초,데이터분석,8,4,86.0,2026-05-08
E775835,파운드리사업부,품질보증,CL4,반도체 8대 공정,직무기초,24,24,86.0,2026-04-21
E920473,DS경영지원,반도체공정기술,CL4,반도체 8대 공정,직무기초,24,6,82.0,2026-03-02
E617028,DS경영지원,영업마케팅,CL2,Python 기초,데이터분석,20,16,82.0,2026-04-04
E874030,반도체연구소,설비기술,CL2,Spotfire 기초,데이터분석,8,8,81.0,2026-01-23
E135359,메모리사업부,설비기술,CL3,정보보호,필수,2,1,69.0,2026-07-19
E284738,글로벌인프라총괄,반도체공정기술,CL3,정보보호,필수,2,2,78.0,2026-02-03
E537873,글로벌인프라총괄,설비기술,CL4,Python 기초,데이터분석,20,20,,2026-05-12
E806182,파운드리사업부,회로설계,CL3,정보보호,필수,2,1,86.0,2026-01-05
E607232,파운드리사업부,경영지원,CL3,통계적공정관리(SPC),품질,12,12,66.0,2026-05-03
E854422,메모리사업부,패키지개발,CL4,반도체 8대 공정,직무기초,24,15,83.0,2026-05-11
E707899,글로벌인프라총괄,설비기술,CL4,생성형 AI 활용,AI,6,6,81.0,2026-05-30
E601650,메모리사업부,경영지원,CL3,생성형 AI 활용,AI,6,5,77.0,2026-04-05
E246807,메모리사업부,S/W개발,CL2,정보보호,필수,2,2,91.0,2026-03-04
E368647,메모리사업부,평가및분석,CL2,생성형 AI 활용,AI,6,3,88.0,2026-06-10
E349316,파운드리사업부,평가및분석,CL2,통계적공정관리(SPC),품질,12,11,,2026-07-05
E544443,DS경영지원,설비기술,CL2,Python 기초,데이터분석,20,20,81.0,2026-02-05
E707707,시스템LSI사업부,영업마케팅,CL2,Spotfire 기초,데이터분석,8,4,86.0,2026-06-06
E324923,DS경영지원,회로설계,CL4,반도체 8대 공정,직무기초,24,24,91.0,2026-07-21
E706430,시스템LSI사업부,영업마케팅,CL2,Python 기초,데이터분석,20,13,,2026-02-15
E984857,시스템LSI사업부,경영지원,CL2,통계적공정관리(SPC),품질,12,8,85.0,2026-03-31
E113322,메모리사업부,회로설계,CL2,Spotfire 데이터함수(Python),데이터분석,16,16,106.0,2026-03-10
E353713,시스템LSI사업부,반도체공정기술,CL2,Python 기초,데이터분석,20,20,80.0,2026-06-23
E440459,글로벌인프라총괄,회로설계,CL3,통계적공정관리(SPC),품질,12,11,95.0,2026-03-17
E648750,글로벌인프라총괄,반도체공정기술,CL3,Spotfire 데이터함수(Python),데이터분석,16,11,,2026-07-14
E403858,메모리사업부,설비기술,CL3,Spotfire 데이터함수(Python),데이터분석,16,12,97.0,2026-02-17
E609357,파운드리사업부,SCM/생산관리,CL4,Spotfire 데이터함수(Python),데이터분석,16,8,81.0,2026-07-19
E932962,시스템LSI사업부,품질보증,CL2,통계적공정관리(SPC),품질,12,12,,2026-02-02
E457216,글로벌인프라총괄,설비기술,CL2,생성형 AI 활용,AI,6,4,,2026-06-11
E252248,메모리사업부,평가및분석,CL2,Spotfire 데이터함수(Python),데이터분석,16,15,94.0,2026-05-29
E128718,메모리사업부,영업마케팅,CL3,통계적공정관리(SPC),품질,12,9,93.0,2026-02-14
E607093,시스템LSI사업부,영업마케팅,CL3,Spotfire 데이터함수(Python),데이터분석,16,12,94.0,2026-04-11
E192592,시스템LSI사업부,설비기술,CL3,Python 기초,데이터분석,20,11,84.0,2026-04-05
E513812,반도체연구소,평가및분석,CL3,Spotfire 데이터함수(Python),데이터분석,16,7,,2026-06-29
E203340,DS경영지원,설비기술,CL2,정보보호,필수,2,0,92.0,2026-02-16
E452914,메모리사업부,패키지개발,CL2,통계적공정관리(SPC),품질,12,12,89.0,2026-06-10
E457349,반도체연구소,회로설계,CL2,생성형 AI 활용,AI,6,2,93.0,2026-04-30
E634655,시스템LSI사업부,영업마케팅,CL3,Spotfire 기초,데이터분석,8,6,,2026-01-25
E734649,글로벌인프라총괄,설비기술,CL4,반도체 8대 공정,직무기초,24,16,88.0,2026-02-15
E946572,DS경영지원,회로설계,CL2,Python 기초,데이터분석,20,10,,2026-05-06
E984734,글로벌인프라총괄,평가및분석,CL2,통계적공정관리(SPC),품질,12,10,95.0,2026-02-08
E786205,시스템LSI사업부,SCM/생산관리,CL3,Spotfire 데이터함수(Python),데이터분석,16,13,78.0,2026-02-28
E153612,메모리사업부,설비기술,CL2,통계적공정관리(SPC),품질,12,10,76.0,2026-05-01
E253446,반도체연구소,SCM/생산관리,CL2,Spotfire 데이터함수(Python),데이터분석,16,16,78.0,2026-03-28
E753356,글로벌인프라총괄,반도체공정기술,CL2,생성형 AI 활용,AI,6,6,77.0,2026-04-08
E672737,글로벌인프라총괄,S/W개발,CL2,생성형 AI 활용,AI,6,6,75.0,2026-07-23
E191225,글로벌인프라총괄,패키지개발,CL2,생성형 AI 활용,AI,6,6,85.0,2026-06-15
E947222,반도체연구소,영업마케팅,CL3,Spotfire 기초,데이터분석,8,5,105.0,2026-04-30
E657602,DS경영지원,반도체공정기술,CL2,반도체 8대 공정,직무기초,24,21,85.0,2026-01-23
E295266,시스템LSI사업부,평가및분석,CL4,정보보호,필수,2,2,76.0,2026-07-17
E821087,시스템LSI사업부,SCM/생산관리,CL2,정보보호,필수,2,1,83.0,2026-07-13
E811188,DS경영지원,반도체공정기술,CL3,정보보호,필수,2,1,82.0,2026-04-19
E563173,글로벌인프라총괄,경영지원,CL3,통계적공정관리(SPC),품질,12,10,80.0,2026-06-08
E167997,메모리사업부,S/W개발,CL3,Spotfire 기초,데이터분석,8,8,84.0,2026-04-12
E615265,DS경영지원,평가및분석,CL3,Python 기초,데이터분석,20,17,80.0,2026-07-04
E346979,글로벌인프라총괄,회로설계,CL3,Python 기초,데이터분석,20,20,94.0,2026-07-20
E832464,시스템LSI사업부,패키지개발,CL3,정보보호,필수,2,1,113.0,2026-01-30
E173059,시스템LSI사업부,패키지개발,CL4,생성형 AI 활용,AI,6,4,75.0,2026-05-24
E213737,반도체연구소,평가및분석,CL4,반도체 8대 공정,직무기초,24,13,79.0,2026-03-10
E406453,DS경영지원,SCM/생산관리,CL2,통계적공정관리(SPC),품질,12,9,90.0,2026-04-07
E304477,시스템LSI사업부,품질보증,CL2,Spotfire 데이터함수(Python),데이터분석,16,16,83.0,2026-04-19
E969929,시스템LSI사업부,패키지개발,CL2,Python 기초,데이터분석,20,15,82.0,2026-06-04
E661557,시스템LSI사업부,경영지원,CL2,정보보호,필수,2,1,102.0,2026-04-02
E701543,파운드리사업부,S/W개발,CL4,Spotfire 데이터함수(Python),데이터분석,16,8,82.0,2026-02-18
E305836,파운드리사업부,패키지개발,CL4,Spotfire 데이터함수(Python),데이터분석,16,12,94.0,2026-01-11
E914305,메모리사업부,경영지원,CL3,Python 기초,데이터분석,20,8,85.0,2026-02-27
E185510,DS경영지원,영업마케팅,CL3,정보보호,필수,2,1,84.0,2026-05-09
E631870,글로벌인프라총괄,영업마케팅,CL2,정보보호,필수,2,2,83.0,2026-06-24
E124117,파운드리사업부,경영지원,CL3,Python 기초,데이터분석,20,17,,2026-04-23
E610495,시스템LSI사업부,반도체공정기술,CL2,Python 기초,데이터분석,20,13,95.0,2026-05-27
E924742,글로벌인프라총괄,SCM/생산관리,CL3,통계적공정관리(SPC),품질,12,10,71.0,2026-06-30
E442539,글로벌인프라총괄,회로설계,CL4,생성형 AI 활용,AI,6,4,75.0,2026-06-05
E782112,DS경영지원,경영지원,CL3,반도체 8대 공정,직무기초,24,18,78.0,2026-07-22
E534714,글로벌인프라총괄,S/W개발,CL2,Python 기초,데이터분석,20,14,90.0,2026-07-15
E726619,파운드리사업부,SCM/생산관리,CL3,정보보호,필수,2,1,,2026-06-18
E799127,글로벌인프라총괄,경영지원,CL3,Spotfire 기초,데이터분석,8,6,74.0,2026-01-06
E291787,반도체연구소,S/W개발,CL2,반도체 8대 공정,직무기초,24,13,71.0,2026-06-07
E325727,시스템LSI사업부,영업마케팅,CL3,생성형 AI 활용,AI,6,5,91.0,2026-07-07
E983681,파운드리사업부,품질보증,CL3,통계적공정관리(SPC),품질,12,9,89.0,2026-04-29
E263813,글로벌인프라총괄,패키지개발,CL2,Spotfire 기초,데이터분석,8,3,,2026-06-25
E525216,시스템LSI사업부,설비기술,CL4,반도체 8대 공정,직무기초,24,21,85.0,2026-02-19
E263640,파운드리사업부,패키지개발,CL4,Spotfire 데이터함수(Python),데이터분석,16,8,90.0,2026-02-09
E350530,파운드리사업부,품질보증,CL4,Python 기초,데이터분석,20,8,,2026-05-20
E453479,반도체연구소,패키지개발,CL3,생성형 AI 활용,AI,6,2,90.0,2026-05-18
E518939,시스템LSI사업부,반도체공정기술,CL2,정보보호,필수,2,1,80.0,2026-05-01
E948714,파운드리사업부,품질보증,CL2,Spotfire 기초,데이터분석,8,5,66.0,2026-05-02
E230079,시스템LSI사업부,SCM/생산관리,CL2,Python 기초,데이터분석,20,13,,2026-02-18
E110980,시스템LSI사업부,SCM/생산관리,CL2,생성형 AI 활용,AI,6,4,78.0,2026-05-18
E490361,DS경영지원,회로설계,CL2,생성형 AI 활용,AI,6,5,81.0,2026-06-04
E138011,시스템LSI사업부,패키지개발,CL2,Spotfire 기초,데이터분석,8,7,86.0,2026-03-24
E538452,DS경영지원,SCM/생산관리,CL3,Spotfire 기초,데이터분석,8,2,87.0,2026-01-10
E373092,반도체연구소,SCM/생산관리,CL3,통계적공정관리(SPC),품질,12,5,81.0,2026-03-11
E253749,메모리사업부,품질보증,CL2,Spotfire 데이터함수(Python),데이터분석,16,15,71.0,2026-04-18
E985345,DS경영지원,회로설계,CL3,Spotfire 기초,데이터분석,8,8,92.0,2026-01-24
E972949,반도체연구소,SCM/생산관리,CL2,Spotfire 기초,데이터분석,8,7,75.0,2026-04-19
E934033,반도체연구소,설비기술,CL2,반도체 8대 공정,직무기초,24,7,77.0,2026-01-24
E648632,파운드리사업부,S/W개발,CL2,정보보호,필수,2,2,97.0,2026-03-13
E751292,반도체연구소,경영지원,CL2,Spotfire 기초,데이터분석,8,8,90.0,2026-07-04
E693302,시스템LSI사업부,품질보증,CL2,Python 기초,데이터분석,20,15,94.0,2026-06-11
E892016,반도체연구소,평가및분석,CL4,Python 기초,데이터분석,20,20,86.0,2026-05-04
E433162,파운드리사업부,SCM/생산관리,CL2,정보보호,필수,2,1,73.0,2026-05-22
E517089,파운드리사업부,SCM/생산관리,CL2,Spotfire 데이터함수(Python),데이터분석,16,16,78.0,2026-02-01
E450704,글로벌인프라총괄,회로설계,CL3,Python 기초,데이터분석,20,15,89.0,2026-03-26
E690027,반도체연구소,평가및분석,CL2,정보보호,필수,2,1,79.0,2026-07-15
E358699,DS경영지원,S/W개발,CL2,정보보호,필수,2,2,,2026-04-16
E709540,DS경영지원,품질보증,CL2,Python 기초,데이터분석,20,11,74.0,2026-03-09
E326184,시스템LSI사업부,영업마케팅,CL2,Spotfire 기초,데이터분석,8,7,90.0,2026-05-31
E312464,글로벌인프라총괄,S/W개발,CL3,Spotfire 데이터함수(Python),데이터분석,16,15,91.0,2026-05-15
E502470,글로벌인프라총괄,경영지원,CL4,생성형 AI 활용,AI,6,3,,2026-01-29
E902712,DS경영지원,회로설계,CL3,Spotfire 기초,데이터분석,8,5,103.0,2026-05-24
E370005,글로벌인프라총괄,품질보증,CL2,반도체 8대 공정,직무기초,24,24,79.0,2026-02-03
E370734,DS경영지원,평가및분석,CL3,생성형 AI 활용,AI,6,1,83.0,2026-06-18
E464876,파운드리사업부,패키지개발,CL4,Spotfire 기초,데이터분석,8,8,79.0,2026-01-26
E283764,글로벌인프라총괄,패키지개발,CL2,Spotfire 기초,데이터분석,8,4,85.0,2026-06-22
E810427,파운드리사업부,회로설계,CL2,정보보호,필수,2,1,90.0,2026-05-07
E551262,반도체연구소,S/W개발,CL2,Python 기초,데이터분석,20,20,,2026-03-11
E124619,시스템LSI사업부,회로설계,CL4,정보보호,필수,2,1,84.0,2026-07-05
E983691,메모리사업부,S/W개발,CL3,Spotfire 데이터함수(Python),데이터분석,16,15,82.0,2026-04-18
E539944,DS경영지원,영업마케팅,CL4,통계적공정관리(SPC),품질,12,8,70.0,2026-04-03
E844688,글로벌인프라총괄,회로설계,CL3,Spotfire 기초,데이터분석,8,7,82.0,2026-01-28
E504101,메모리사업부,경영지원,CL2,반도체 8대 공정,직무기초,24,22,91.0,2026-01-17
E927932,파운드리사업부,S/W개발,CL3,Python 기초,데이터분석,20,19,70.0,2026-01-25
E746835,DS경영지원,SCM/생산관리,CL2,통계적공정관리(SPC),품질,12,8,90.0,2026-03-26
E897722,파운드리사업부,영업마케팅,CL2,Spotfire 데이터함수(Python),데이터분석,16,10,103.0,2026-02-02
E692261,파운드리사업부,회로설계,CL2,Spotfire 기초,데이터분석,8,7,80.0,2026-05-20
E240749,DS경영지원,영업마케팅,CL3,반도체 8대 공정,직무기초,24,18,63.0,2026-05-03
E125458,DS경영지원,회로설계,CL3,정보보호,필수,2,1,,2026-03-28
E669329,DS경영지원,평가및분석,CL3,Spotfire 기초,데이터분석,8,8,89.0,2026-05-17
E737954,시스템LSI사업부,설비기술,CL3,Spotfire 데이터함수(Python),데이터분석,16,8,93.0,2026-05-05
E252995,시스템LSI사업부,영업마케팅,CL3,통계적공정관리(SPC),품질,12,11,81.0,2026-02-08
E231361,파운드리사업부,반도체공정기술,CL3,정보보호,필수,2,1,81.0,2026-02-23
E655904,시스템LSI사업부,평가및분석,CL2,Spotfire 데이터함수(Python),데이터분석,16,8,96.0,2026-02-15
E915073,시스템LSI사업부,반도체공정기술,CL2,반도체 8대 공정,직무기초,24,19,66.0,2026-01-22
E309899,파운드리사업부,영업마케팅,CL3,생성형 AI 활용,AI,6,4,74.0,2026-02-06
E336702,메모리사업부,회로설계,CL2,반도체 8대 공정,직무기초,24,8,94.0,2026-03-10
E162493,DS경영지원,패키지개발,CL3,통계적공정관리(SPC),품질,12,12,69.0,2026-03-15
E875081,메모리사업부,영업마케팅,CL2,통계적공정관리(SPC),품질,12,4,,2026-01-11
E742190,파운드리사업부,평가및분석,CL3,Spotfire 기초,데이터분석,8,6,106.0,2026-07-02
E851724,반도체연구소,품질보증,CL4,Spotfire 기초,데이터분석,8,5,79.0,2026-02-06
E212432,메모리사업부,반도체공정기술,CL2,통계적공정관리(SPC),품질,12,10,83.0,2026-05-05
E340314,메모리사업부,S/W개발,CL2,반도체 8대 공정,직무기초,24,19,92.0,2026-05-24
E368655,DS경영지원,품질보증,CL2,정보보호,필수,2,1,77.0,2026-05-31
E912507,반도체연구소,회로설계,CL2,Spotfire 기초,데이터분석,8,5,74.0,2026-03-21
E773549,파운드리사업부,회로설계,CL2,Spotfire 데이터함수(Python),데이터분석,16,14,93.0,2026-07-19
E352948,반도체연구소,품질보증,CL2,Python 기초,데이터분석,20,18,97.0,2026-07-15
E995938,메모리사업부,반도체공정기술,CL3,Spotfire 기초,데이터분석,8,4,,2026-02-24
E537929,DS경영지원,SCM/생산관리,CL2,반도체 8대 공정,직무기초,24,12,82.0,2026-06-03
E141159,글로벌인프라총괄,설비기술,CL3,생성형 AI 활용,AI,6,3,79.0,2026-06-11
E179913,메모리사업부,S/W개발,CL2,반도체 8대 공정,직무기초,24,10,63.0,2026-01-17
E308349,글로벌인프라총괄,S/W개발,CL2,Spotfire 기초,데이터분석,8,3,82.0,2026-01-25
E166879,DS경영지원,영업마케팅,CL3,Spotfire 데이터함수(Python),데이터분석,16,7,,2026-02-03
E374082,파운드리사업부,품질보증,CL3,Python 기초,데이터분석,20,16,68.0,2026-02-23
E254843,시스템LSI사업부,평가및분석,CL2,생성형 AI 활용,AI,6,3,84.0,2026-05-08
E591291,글로벌인프라총괄,반도체공정기술,CL4,생성형 AI 활용,AI,6,3,88.0,2026-03-24
E446693,시스템LSI사업부,영업마케팅,CL3,생성형 AI 활용,AI,6,3,89.0,2026-07-07
E223944,메모리사업부,패키지개발,CL2,정보보호,필수,2,1,78.0,2026-04-09
E663099,시스템LSI사업부,패키지개발,CL3,Python 기초,데이터분석,20,15,82.0,2026-05-24
E446743,파운드리사업부,영업마케팅,CL3,정보보호,필수,2,1,81.0,2026-06-30
E321015,글로벌인프라총괄,반도체공정기술,CL3,정보보호,필수,2,1,74.0,2026-02-03
E906860,메모리사업부,품질보증,CL2,Python 기초,데이터분석,20,9,94.0,2026-06-17
E111997,메모리사업부,패키지개발,CL4,정보보호,필수,2,1,75.0,2026-05-07
E338619,시스템LSI사업부,경영지원,CL2,Spotfire 기초,데이터분석,8,6,,2026-01-12
E338672,DS경영지원,품질보증,CL4,생성형 AI 활용,AI,6,6,85.0,2026-01-20
E770275,파운드리사업부,패키지개발,CL3,Spotfire 기초,데이터분석,8,7,82.0,2026-04-08
E996161,메모리사업부,품질보증,CL2,Spotfire 기초,데이터분석,8,8,,2026-05-19
E295914,파운드리사업부,품질보증,CL3,Spotfire 데이터함수(Python),데이터분석,16,3,78.0,2026-05-11
E401177,시스템LSI사업부,품질보증,CL3,통계적공정관리(SPC),품질,12,9,70.0,2026-04-17
E127146,글로벌인프라총괄,반도체공정기술,CL3,Spotfire 데이터함수(Python),데이터분석,16,10,,2026-05-27
E738054,글로벌인프라총괄,설비기술,CL2,Spotfire 데이터함수(Python),데이터분석,16,16,83.0,2026-02-03
E565539,시스템LSI사업부,경영지원,CL2,Spotfire 기초,데이터분석,8,6,83.0,2026-06-06
E245920,DS경영지원,반도체공정기술,CL2,Spotfire 데이터함수(Python),데이터분석,16,13,,2026-02-21
E578516,메모리사업부,회로설계,CL2,생성형 AI 활용,AI,6,6,94.0,2026-01-08
E331464,시스템LSI사업부,경영지원,CL2,Spotfire 기초,데이터분석,8,6,80.0,2026-06-02
E530428,파운드리사업부,SCM/생산관리,CL2,Spotfire 기초,데이터분석,8,6,78.0,2026-01-17
E691589,시스템LSI사업부,평가및분석,CL3,Spotfire 기초,데이터분석,8,8,79.0,2026-07-06
E574250,파운드리사업부,SCM/생산관리,CL2,통계적공정관리(SPC),품질,12,11,77.0,2026-03-02
E974437,DS경영지원,영업마케팅,CL2,반도체 8대 공정,직무기초,24,13,77.0,2026-07-02
E986191,반도체연구소,영업마케팅,CL3,반도체 8대 공정,직무기초,24,20,73.0,2026-01-12
E781083,글로벌인프라총괄,SCM/생산관리,CL2,정보보호,필수,2,2,97.0,2026-02-19
E598200,반도체연구소,경영지원,CL4,정보보호,필수,2,1,91.0,2026-06-26
E339540,글로벌인프라총괄,S/W개발,CL2,Spotfire 기초,데이터분석,8,7,83.0,2026-02-12
E725012,반도체연구소,회로설계,CL3,Python 기초,데이터분석,20,8,74.0,2026-03-14
E131431,글로벌인프라총괄,S/W개발,CL3,반도체 8대 공정,직무기초,24,10,89.0,2026-07-15
E737153,글로벌인프라총괄,회로설계,CL2,통계적공정관리(SPC),품질,12,12,84.0,2026-05-29
E579699,시스템LSI사업부,반도체공정기술,CL3,통계적공정관리(SPC),품질,12,10,103.0,2026-06-29
E365678,메모리사업부,S/W개발,CL4,Spotfire 기초,데이터분석,8,7,79.0,2026-01-08
E190807,DS경영지원,영업마케팅,CL2,생성형 AI 활용,AI,6,1,,2026-05-14
E908271,시스템LSI사업부,S/W개발,CL3,반도체 8대 공정,직무기초,24,15,73.0,2026-07-22
E144703,메모리사업부,패키지개발,CL3,Spotfire 데이터함수(Python),데이터분석,16,12,82.0,2026-04-28
E483855,시스템LSI사업부,SCM/생산관리,CL2,Spotfire 기초,데이터분석,8,4,78.0,2026-07-21
E384781,반도체연구소,설비기술,CL3,Python 기초,데이터분석,20,16,67.0,2026-07-08
E301386,메모리사업부,SCM/생산관리,CL4,정보보호,필수,2,2,85.0,2026-06-08
E591857,글로벌인프라총괄,회로설계,CL2,반도체 8대 공정,직무기초,24,16,88.0,2026-04-01
E935353,파운드리사업부,품질보증,CL3,생성형 AI 활용,AI,6,4,80.0,2026-02-24
E814122,글로벌인프라총괄,경영지원,CL2,통계적공정관리(SPC),품질,12,10,86.0,2026-03-26
E852663,메모리사업부,반도체공정기술,CL2,반도체 8대 공정,직무기초,24,24,85.0,2026-02-28
E293146,시스템LSI사업부,평가및분석,CL3,반도체 8대 공정,직무기초,24,17,71.0,2026-04-28
E330129,시스템LSI사업부,SCM/생산관리,CL4,정보보호,필수,2,0,93.0,2026-06-23
E364360,파운드리사업부,S/W개발,CL2,Spotfire 기초,데이터분석,8,8,80.0,2026-06-07
E666615,반도체연구소,S/W개발,CL2,Spotfire 데이터함수(Python),데이터분석,16,10,98.0,2026-04-26
E282359,파운드리사업부,영업마케팅,CL3,정보보호,필수,2,1,81.0,2026-02-11
E952310,DS경영지원,영업마케팅,CL3,Spotfire 데이터함수(Python),데이터분석,16,11,94.0,2026-07-23
E828684,시스템LSI사업부,품질보증,CL2,정보보호,필수,2,1,,2026-03-27
E340074,시스템LSI사업부,영업마케팅,CL3,생성형 AI 활용,AI,6,6,91.0,2026-05-14
E990912,반도체연구소,회로설계,CL3,Spotfire 기초,데이터분석,8,5,,2026-04-29
E735292,메모리사업부,패키지개발,CL3,Spotfire 데이터함수(Python),데이터분석,16,13,78.0,2026-07-01
E978983,DS경영지원,영업마케팅,CL2,Python 기초,데이터분석,20,17,,2026-05-21
E231395,DS경영지원,품질보증,CL3,통계적공정관리(SPC),품질,12,10,98.0,2026-01-08
E472754,글로벌인프라총괄,패키지개발,CL2,생성형 AI 활용,AI,6,3,91.0,2026-01-07
E194638,시스템LSI사업부,회로설계,CL2,정보보호,필수,2,2,87.0,2026-07-21
E761964,메모리사업부,설비기술,CL2,정보보호,필수,2,1,66.0,2026-07-06
E759585,반도체연구소,평가및분석,CL2,반도체 8대 공정,직무기초,24,21,79.0,2026-07-21
E660209,글로벌인프라총괄,평가및분석,CL2,반도체 8대 공정,직무기초,24,22,,2026-04-04
E373879,DS경영지원,패키지개발,CL3,Spotfire 데이터함수(Python),데이터분석,16,7,88.0,2026-04-22
E947970,글로벌인프라총괄,품질보증,CL2,Spotfire 데이터함수(Python),데이터분석,16,5,84.0,2026-07-21
E553401,반도체연구소,SCM/생산관리,CL4,Spotfire 기초,데이터분석,8,8,81.0,2026-07-08
E417158,글로벌인프라총괄,패키지개발,CL3,생성형 AI 활용,AI,6,5,95.0,2026-02-09
E178878,메모리사업부,SCM/생산관리,CL2,통계적공정관리(SPC),품질,12,8,101.0,2026-01-09
E958257,파운드리사업부,품질보증,CL3,통계적공정관리(SPC),품질,12,8,82.0,2026-02-02
E874655,DS경영지원,경영지원,CL2,반도체 8대 공정,직무기초,24,14,,2026-02-28
E843089,메모리사업부,평가및분석,CL3,반도체 8대 공정,직무기초,24,21,74.0,2026-02-21
E577744,반도체연구소,패키지개발,CL3,Spotfire 기초,데이터분석,8,7,79.0,2026-06-18
E622339,시스템LSI사업부,패키지개발,CL4,반도체 8대 공정,직무기초,24,24,91.0,2026-04-16
E508955,반도체연구소,SCM/생산관리,CL4,Spotfire 데이터함수(Python),데이터분석,16,16,87.0,2026-07-23
E829898,DS경영지원,SCM/생산관리,CL3,반도체 8대 공정,직무기초,24,19,78.0,2026-02-26
E307195,파운드리사업부,S/W개발,CL2,통계적공정관리(SPC),품질,12,4,74.0,2026-07-23
E846708,메모리사업부,회로설계,CL2,Spotfire 데이터함수(Python),데이터분석,16,15,,2026-05-19
E271415,글로벌인프라총괄,회로설계,CL2,반도체 8대 공정,직무기초,24,22,83.0,2026-03-05
E137629,DS경영지원,SCM/생산관리,CL2,Spotfire 기초,데이터분석,8,7,80.0,2026-02-04
E577910,메모리사업부,설비기술,CL2,Spotfire 데이터함수(Python),데이터분석,16,9,83.0,2026-01-05
E833176,파운드리사업부,품질보증,CL2,반도체 8대 공정,직무기초,24,24,79.0,2026-03-16
E504274,파운드리사업부,평가및분석,CL2,생성형 AI 활용,AI,6,2,82.0,2026-03-15
E445428,DS경영지원,회로설계,CL3,반도체 8대 공정,직무기초,24,23,85.0,2026-05-31
E248239,메모리사업부,S/W개발,CL2,정보보호,필수,2,1,84.0,2026-02-19
E591443,시스템LSI사업부,평가및분석,CL3,생성형 AI 활용,AI,6,4,,2026-05-07
E810921,시스템LSI사업부,패키지개발,CL2,Spotfire 기초,데이터분석,8,7,87.0,2026-04-08
E891288,시스템LSI사업부,품질보증,CL2,Spotfire 데이터함수(Python),데이터분석,16,16,89.0,2026-02-09
E382656,파운드리사업부,품질보증,CL4,통계적공정관리(SPC),품질,12,10,96.0,2026-06-27
E729697,파운드리사업부,품질보증,CL4,생성형 AI 활용,AI,6,3,97.0,2026-06-12
E424121,메모리사업부,회로설계,CL4,Spotfire 데이터함수(Python),데이터분석,16,15,88.0,2026-03-04
E190715,글로벌인프라총괄,SCM/생산관리,CL3,반도체 8대 공정,직무기초,24,12,81.0,2026-07-02
E498253,DS경영지원,SCM/생산관리,CL3,Python 기초,데이터분석,20,16,83.0,2026-06-24
E841545,메모리사업부,S/W개발,CL4,정보보호,필수,2,1,,2026-04-11
E310451,파운드리사업부,영업마케팅,CL2,반도체 8대 공정,직무기초,24,21,69.0,2026-02-23
E479949,메모리사업부,SCM/생산관리,CL3,생성형 AI 활용,AI,6,2,84.0,2026-07-06
E507876,시스템LSI사업부,SCM/생산관리,CL3,Python 기초,데이터분석,20,7,80.0,2026-04-27
E672323,글로벌인프라총괄,품질보증,CL2,Spotfire 데이터함수(Python),데이터분석,16,12,95.0,2026-01-10
E310229,메모리사업부,SCM/생산관리,CL3,반도체 8대 공정,직무기초,24,21,78.0,2026-02-13
E762506,DS경영지원,패키지개발,CL3,생성형 AI 활용,AI,6,6,92.0,2026-01-10
E555525,시스템LSI사업부,영업마케팅,CL2,Python 기초,데이터분석,20,15,100.0,2026-06-02
E419573,반도체연구소,설비기술,CL3,정보보호,필수,2,1,81.0,2026-02-18
E165672,글로벌인프라총괄,평가및분석,CL2,반도체 8대 공정,직무기초,24,21,78.0,2026-02-04
E857018,메모리사업부,SCM/생산관리,CL4,반도체 8대 공정,직무기초,24,18,76.0,2026-02-24
E119664,메모리사업부,영업마케팅,CL4,정보보호,필수,2,1,78.0,2026-01-27
E725275,파운드리사업부,회로설계,CL3,생성형 AI 활용,AI,6,4,89.0,2026-02-07
E814951,메모리사업부,패키지개발,CL2,정보보호,필수,2,1,,2026-03-12
E248067,DS경영지원,S/W개발,CL2,반도체 8대 공정,직무기초,24,19,71.0,2026-07-06
E284668,DS경영지원,평가및분석,CL2,반도체 8대 공정,직무기초,24,17,82.0,2026-06-10
E109836,메모리사업부,설비기술,CL4,Python 기초,데이터분석,20,20,83.0,2026-03-21
E196740,반도체연구소,S/W개발,CL2,통계적공정관리(SPC),품질,12,12,102.0,2026-06-22
E942714,글로벌인프라총괄,반도체공정기술,CL4,반도체 8대 공정,직무기초,24,15,82.0,2026-04-28
E108850,DS경영지원,평가및분석,CL2,Spotfire 기초,데이터분석,8,7,89.0,2026-03-06
E243314,글로벌인프라총괄,회로설계,CL4,정보보호,필수,2,2,72.0,2026-05-23
E836757,DS경영지원,품질보증,CL3,Spotfire 데이터함수(Python),데이터분석,16,15,,2026-02-16
E206918,글로벌인프라총괄,패키지개발,CL2,Spotfire 데이터함수(Python),데이터분석,16,8,98.0,2026-04-23
E456796,반도체연구소,경영지원,CL4,Spotfire 데이터함수(Python),데이터분석,16,6,83.0,2026-01-26
E981467,글로벌인프라총괄,품질보증,CL3,반도체 8대 공정,직무기초,24,19,81.0,2026-01-07
E960134,메모리사업부,S/W개발,CL3,Spotfire 기초,데이터분석,8,7,88.0,2026-05-18
E987826,DS경영지원,경영지원,CL2,반도체 8대 공정,직무기초,24,12,85.0,2026-07-19
E350096,반도체연구소,패키지개발,CL2,Spotfire 기초,데이터분석,8,4,87.0,2026-01-15
E736593,파운드리사업부,SCM/생산관리,CL2,Python 기초,데이터분석,20,19,97.0,2026-01-22
E926168,DS경영지원,경영지원,CL3,생성형 AI 활용,AI,6,5,80.0,2026-06-03
E908368,DS경영지원,SCM/생산관리,CL2,정보보호,필수,2,1,78.0,2026-01-05
E291594,파운드리사업부,패키지개발,CL2,반도체 8대 공정,직무기초,24,17,70.0,2026-03-26
E797127,반도체연구소,경영지원,CL2,생성형 AI 활용,AI,6,1,94.0,2026-02-27
E165657,글로벌인프라총괄,회로설계,CL2,생성형 AI 활용,AI,6,5,74.0,2026-07-15
E622161,DS경영지원,설비기술,CL2,정보보호,필수,2,1,83.0,2026-02-11
E314212,메모리사업부,설비기술,CL2,정보보호,필수,2,1,68.0,2026-02-28
E924718,글로벌인프라총괄,설비기술,CL2,정보보호,필수,2,1,92.0,2026-03-15
E735201,메모리사업부,영업마케팅,CL3,반도체 8대 공정,직무기초,24,15,,2026-02-18
E933809,글로벌인프라총괄,평가및분석,CL2,Python 기초,데이터분석,20,14,88.0,2026-07-02
E822481,파운드리사업부,반도체공정기술,CL4,반도체 8대 공정,직무기초,24,22,80.0,2026-01-19
E843836,반도체연구소,설비기술,CL2,Spotfire 데이터함수(Python),데이터분석,16,16,82.0,2026-01-06
E755023,파운드리사업부,반도체공정기술,CL2,반도체 8대 공정,직무기초,24,19,80.0,2026-02-03
E411786,파운드리사업부,품질보증,CL3,반도체 8대 공정,직무기초,24,18,62.0,2026-03-27
E975235,메모리사업부,회로설계,CL3,Spotfire 기초,데이터분석,8,5,86.0,2026-03-28
E880759,시스템LSI사업부,패키지개발,CL2,Python 기초,데이터분석,20,20,69.0,2026-07-08
E812221,글로벌인프라총괄,경영지원,CL3,반도체 8대 공정,직무기초,24,20,75.0,2026-07-10
E345688,반도체연구소,패키지개발,CL2,통계적공정관리(SPC),품질,12,8,72.0,2026-01-26
E901302,파운드리사업부,영업마케팅,CL3,Python 기초,데이터분석,20,13,74.0,2026-01-18
E288361,메모리사업부,설비기술,CL2,정보보호,필수,2,1,96.0,2026-03-13
E564535,글로벌인프라총괄,평가및분석,CL2,Python 기초,데이터분석,20,10,,2026-03-22
E580414,메모리사업부,품질보증,CL3,생성형 AI 활용,AI,6,6,87.0,2026-03-06
E906239,메모리사업부,평가및분석,CL2,정보보호,필수,2,1,,2026-02-14
E308414,DS경영지원,반도체공정기술,CL3,통계적공정관리(SPC),품질,12,11,79.0,2026-07-19
E566012,시스템LSI사업부,평가및분석,CL3,Spotfire 기초,데이터분석,8,7,86.0,2026-03-14
E521612,반도체연구소,품질보증,CL4,Python 기초,데이터분석,20,16,70.0,2026-06-04
E449722,메모리사업부,패키지개발,CL2,정보보호,필수,2,1,,2026-02-20
E162321,글로벌인프라총괄,회로설계,CL3,생성형 AI 활용,AI,6,2,85.0,2026-01-18
E543038,메모리사업부,SCM/생산관리,CL3,통계적공정관리(SPC),품질,12,10,92.0,2026-05-13
E906495,DS경영지원,품질보증,CL3,정보보호,필수,2,2,81.0,2026-03-14
E280961,시스템LSI사업부,회로설계,CL3,Python 기초,데이터분석,20,20,91.0,2026-05-15
E929766,반도체연구소,SCM/생산관리,CL2,생성형 AI 활용,AI,6,5,90.0,2026-06-28
E226303,메모리사업부,평가및분석,CL4,정보보호,필수,2,2,82.0,2026-06-06
E777916,파운드리사업부,설비기술,CL2,반도체 8대 공정,직무기초,24,21,81.0,2026-05-19
E837924,반도체연구소,S/W개발,CL3,Spotfire 데이터함수(Python),데이터분석,16,10,,2026-01-23
E433910,파운드리사업부,패키지개발,CL2,생성형 AI 활용,AI,6,3,83.0,2026-06-07
E654643,시스템LSI사업부,S/W개발,CL4,Spotfire 기초,데이터분석,8,8,98.0,2026-01-14
E935864,DS경영지원,반도체공정기술,CL2,Python 기초,데이터분석,20,18,79.0,2026-05-30
E965495,메모리사업부,설비기술,CL2,Spotfire 데이터함수(Python),데이터분석,16,11,89.0,2026-01-16
E172530,글로벌인프라총괄,품질보증,CL2,Spotfire 데이터함수(Python),데이터분석,16,14,97.0,2026-04-28
E375586,파운드리사업부,경영지원,CL4,통계적공정관리(SPC),품질,12,6,85.0,2026-06-01
E868793,파운드리사업부,설비기술,CL2,반도체 8대 공정,직무기초,24,19,75.0,2026-07-12
E439181,시스템LSI사업부,영업마케팅,CL2,정보보호,필수,2,1,79.0,2026-04-06
E842676,파운드리사업부,설비기술,CL3,Python 기초,데이터분석,20,13,89.0,2026-07-08
E283478,반도체연구소,평가및분석,CL2,Python 기초,데이터분석,20,15,96.0,2026-02-01
E976295,DS경영지원,반도체공정기술,CL2,Python 기초,데이터분석,20,8,83.0,2026-06-24
E106826,글로벌인프라총괄,영업마케팅,CL2,정보보호,필수,2,1,84.0,2026-01-24
E684201,파운드리사업부,반도체공정기술,CL3,반도체 8대 공정,직무기초,24,24,91.0,2026-06-02
E759258,시스템LSI사업부,반도체공정기술,CL4,통계적공정관리(SPC),품질,12,8,85.0,2026-02-03
E705027,DS경영지원,S/W개발,CL2,Spotfire 기초,데이터분석,8,4,89.0,2026-07-12
E465317,시스템LSI사업부,설비기술,CL3,Spotfire 데이터함수(Python),데이터분석,16,11,68.0,2026-02-07
E558060,파운드리사업부,경영지원,CL3,Spotfire 데이터함수(Python),데이터분석,16,0,90.0,2026-03-06
E513877,파운드리사업부,설비기술,CL2,Python 기초,데이터분석,20,11,,2026-06-08
E403664,글로벌인프라총괄,평가및분석,CL2,Spotfire 기초,데이터분석,8,5,83.0,2026-07-09
E921066,반도체연구소,회로설계,CL3,통계적공정관리(SPC),품질,12,6,85.0,2026-01-11
E948493,메모리사업부,SCM/생산관리,CL3,통계적공정관리(SPC),품질,12,12,,2026-04-20
E796171,시스템LSI사업부,패키지개발,CL2,정보보호,필수,2,1,76.0,2026-05-24
E277002,DS경영지원,경영지원,CL3,통계적공정관리(SPC),품질,12,7,74.0,2026-06-27
E150832,반도체연구소,평가및분석,CL2,통계적공정관리(SPC),품질,12,10,80.0,2026-03-21
E872214,DS경영지원,반도체공정기술,CL2,Spotfire 기초,데이터분석,8,5,70.0,2026-02-26
E245088,DS경영지원,SCM/생산관리,CL3,생성형 AI 활용,AI,6,4,97.0,2026-07-14
E356307,파운드리사업부,패키지개발,CL2,통계적공정관리(SPC),품질,12,6,81.0,2026-03-31
E590284,파운드리사업부,품질보증,CL2,Spotfire 기초,데이터분석,8,7,74.0,2026-04-01
E146238,메모리사업부,경영지원,CL2,반도체 8대 공정,직무기초,24,17,89.0,2026-02-05
E308412,메모리사업부,SCM/생산관리,CL2,Spotfire 기초,데이터분석,8,8,,2026-02-05
E680132,파운드리사업부,반도체공정기술,CL4,Spotfire 기초,데이터분석,8,7,85.0,2026-02-19
E611336,DS경영지원,패키지개발,CL2,반도체 8대 공정,직무기초,24,11,75.0,2026-02-15
E149567,파운드리사업부,설비기술,CL2,통계적공정관리(SPC),품질,12,11,94.0,2026-03-24
E155013,파운드리사업부,반도체공정기술,CL2,반도체 8대 공정,직무기초,24,19,84.0,2026-05-16
E502261,메모리사업부,반도체공정기술,CL3,Python 기초,데이터분석,20,16,93.0,2026-01-12
E329132,파운드리사업부,S/W개발,CL2,Spotfire 기초,데이터분석,8,6,87.0,2026-05-02
E319627,반도체연구소,반도체공정기술,CL2,Python 기초,데이터분석,20,14,78.0,2026-01-14
E873982,메모리사업부,SCM/생산관리,CL2,Python 기초,데이터분석,20,10,78.0,2026-07-07
E218758,시스템LSI사업부,품질보증,CL2,정보보호,필수,2,1,66.0,2026-07-20
E597646,반도체연구소,설비기술,CL3,정보보호,필수,2,1,82.0,2026-05-05
E540418,메모리사업부,회로설계,CL4,반도체 8대 공정,직무기초,24,19,78.0,2026-07-14
E664900,시스템LSI사업부,경영지원,CL4,Spotfire 데이터함수(Python),데이터분석,16,13,,2026-01-24
E168489,DS경영지원,S/W개발,CL4,Spotfire 기초,데이터분석,8,8,91.0,2026-07-09
E865502,반도체연구소,패키지개발,CL2,생성형 AI 활용,AI,6,5,82.0,2026-05-21
E536543,반도체연구소,경영지원,CL2,Spotfire 데이터함수(Python),데이터분석,16,11,,2026-01-27
E552436,메모리사업부,S/W개발,CL3,Python 기초,데이터분석,20,9,88.0,2026-06-25
E957215,파운드리사업부,평가및분석,CL2,반도체 8대 공정,직무기초,24,20,99.0,2026-06-30
E467850,DS경영지원,평가및분석,CL2,생성형 AI 활용,AI,6,5,,2026-06-28
E195838,파운드리사업부,SCM/생산관리,CL3,Spotfire 데이터함수(Python),데이터분석,16,10,80.0,2026-06-15
E783374,글로벌인프라총괄,평가및분석,CL3,통계적공정관리(SPC),품질,12,4,90.0,2026-02-23
E790705,글로벌인프라총괄,설비기술,CL3,통계적공정관리(SPC),품질,12,9,89.0,2026-04-18
E951350,반도체연구소,반도체공정기술,CL2,반도체 8대 공정,직무기초,24,16,,2026-06-05
E623494,파운드리사업부,패키지개발,CL2,통계적공정관리(SPC),품질,12,12,72.0,2026-07-10
E425129,메모리사업부,반도체공정기술,CL2,Spotfire 기초,데이터분석,8,5,81.0,2026-02-12
E974082,글로벌인프라총괄,평가및분석,CL4,통계적공정관리(SPC),품질,12,12,76.0,2026-02-12
E385687,시스템LSI사업부,반도체공정기술,CL3,생성형 AI 활용,AI,6,6,,2026-07-19
E216550,파운드리사업부,반도체공정기술,CL2,Python 기초,데이터분석,20,17,89.0,2026-04-08
E240276,파운드리사업부,평가및분석,CL3,Spotfire 기초,데이터분석,8,7,76.0,2026-05-30
E290690,메모리사업부,설비기술,CL3,Spotfire 데이터함수(Python),데이터분석,16,15,84.0,2026-06-27
E875761,글로벌인프라총괄,반도체공정기술,CL2,통계적공정관리(SPC),품질,12,5,91.0,2026-05-21
E490618,파운드리사업부,경영지원,CL3,반도체 8대 공정,직무기초,24,19,88.0,2026-03-24
E899526,DS경영지원,패키지개발,CL3,생성형 AI 활용,AI,6,5,88.0,2026-03-12
E387723,반도체연구소,반도체공정기술,CL3,통계적공정관리(SPC),품질,12,12,89.0,2026-04-19
E885389,시스템LSI사업부,영업마케팅,CL4,Spotfire 데이터함수(Python),데이터분석,16,11,98.0,2026-05-31
E928224,글로벌인프라총괄,회로설계,CL2,정보보호,필수,2,2,85.0,2026-03-23
E190034,시스템LSI사업부,회로설계,CL3,생성형 AI 활용,AI,6,5,75.0,2026-05-03
E567277,파운드리사업부,반도체공정기술,CL3,Python 기초,데이터분석,20,6,79.0,2026-06-14
E441935,반도체연구소,패키지개발,CL3,Spotfire 기초,데이터분석,8,8,,2026-06-25
E143139,DS경영지원,평가및분석,CL3,정보보호,필수,2,1,77.0,2026-03-24
E343642,반도체연구소,영업마케팅,CL3,Spotfire 기초,데이터분석,8,5,93.0,2026-07-23
E733440,파운드리사업부,반도체공정기술,CL2,정보보호,필수,2,2,,2026-01-22
E391027,DS경영지원,품질보증,CL2,통계적공정관리(SPC),품질,12,12,89.0,2026-06-18
E293612,파운드리사업부,평가및분석,CL2,Spotfire 데이터함수(Python),데이터분석,16,16,83.0,2026-05-01
E905833,반도체연구소,설비기술,CL2,생성형 AI 활용,AI,6,6,,2026-07-14
E378991,파운드리사업부,패키지개발,CL3,Python 기초,데이터분석,20,17,87.0,2026-03-19
E132543,글로벌인프라총괄,반도체공정기술,CL3,생성형 AI 활용,AI,6,2,,2026-07-16
E274885,메모리사업부,SCM/생산관리,CL2,반도체 8대 공정,직무기초,24,22,70.0,2026-04-12
E504642,시스템LSI사업부,경영지원,CL2,Spotfire 기초,데이터분석,8,8,,2026-07-10
E524256,DS경영지원,패키지개발,CL2,Spotfire 기초,데이터분석,8,8,77.0,2026-03-12
E735504,DS경영지원,S/W개발,CL2,Spotfire 기초,데이터분석,8,7,75.0,2026-03-15
E723412,메모리사업부,반도체공정기술,CL2,Python 기초,데이터분석,20,14,72.0,2026-06-25
E592803,반도체연구소,경영지원,CL3,반도체 8대 공정,직무기초,24,13,98.0,2026-07-03
E556373,DS경영지원,평가및분석,CL2,정보보호,필수,2,1,62.0,2026-01-05
E412932,반도체연구소,설비기술,CL4,반도체 8대 공정,직무기초,24,14,64.0,2026-04-25
E361297,메모리사업부,영업마케팅,CL3,Spotfire 데이터함수(Python),데이터분석,16,15,92.0,2026-01-20
E111209,반도체연구소,패키지개발,CL2,생성형 AI 활용,AI,6,5,74.0,2026-05-15
E291823,파운드리사업부,평가및분석,CL2,Spotfire 기초,데이터분석,8,5,78.0,2026-03-23
E177580,메모리사업부,경영지원,CL4,통계적공정관리(SPC),품질,12,12,72.0,2026-01-15
E565976,글로벌인프라총괄,S/W개발,CL3,반도체 8대 공정,직무기초,24,24,100.0,2026-03-25
E344252,글로벌인프라총괄,패키지개발,CL4,Spotfire 데이터함수(Python),데이터분석,16,10,85.0,2026-04-07
E526131,파운드리사업부,평가및분석,CL3,Spotfire 데이터함수(Python),데이터분석,16,16,74.0,2026-03-23
E495869,반도체연구소,반도체공정기술,CL3,반도체 8대 공정,직무기초,24,15,77.0,2026-05-21
E474252,DS경영지원,영업마케팅,CL2,통계적공정관리(SPC),품질,12,12,92.0,2026-05-29
E433583,반도체연구소,S/W개발,CL3,Spotfire 데이터함수(Python),데이터분석,16,9,,2026-01-10
E764426,파운드리사업부,영업마케팅,CL2,생성형 AI 활용,AI,6,6,81.0,2026-05-27
E146965,글로벌인프라총괄,SCM/생산관리,CL2,Spotfire 기초,데이터분석,8,5,,2026-04-23
E747416,파운드리사업부,설비기술,CL3,Spotfire 데이터함수(Python),데이터분석,16,16,81.0,2026-03-07
E966742,파운드리사업부,설비기술,CL2,생성형 AI 활용,AI,6,5,80.0,2026-07-18
E640359,반도체연구소,영업마케팅,CL2,Python 기초,데이터분석,20,15,62.0,2026-05-06
E510616,DS경영지원,반도체공정기술,CL2,반도체 8대 공정,직무기초,24,24,78.0,2026-07-02
E389089,글로벌인프라총괄,S/W개발,CL3,Spotfire 데이터함수(Python),데이터분석,16,15,83.0,2026-07-21
E130343,글로벌인프라총괄,회로설계,CL3,생성형 AI 활용,AI,6,4,88.0,2026-06-20
E496867,DS경영지원,평가및분석,CL3,Spotfire 데이터함수(Python),데이터분석,16,9,73.0,2026-04-16
E216855,반도체연구소,패키지개발,CL2,정보보호,필수,2,1,97.0,2026-06-11
E358153,파운드리사업부,평가및분석,CL3,반도체 8대 공정,직무기초,24,13,101.0,2026-03-04
E791243,시스템LSI사업부,경영지원,CL3,Spotfire 데이터함수(Python),데이터분석,16,14,77.0,2026-05-15
E195402,시스템LSI사업부,SCM/생산관리,CL3,생성형 AI 활용,AI,6,4,73.0,2026-01-13
E806724,메모리사업부,영업마케팅,CL2,Python 기초,데이터분석,20,16,99.0,2026-02-19
E364719,파운드리사업부,영업마케팅,CL3,Python 기초,데이터분석,20,20,81.0,2026-05-04
E811737,반도체연구소,회로설계,CL3,정보보호,필수,2,2,72.0,2026-06-06
E272946,메모리사업부,영업마케팅,CL3,Python 기초,데이터분석,20,13,93.0,2026-06-17
E344503,반도체연구소,패키지개발,CL3,Python 기초,데이터분석,20,19,80.0,2026-05-16
E168377,글로벌인프라총괄,품질보증,CL4,반도체 8대 공정,직무기초,24,19,81.0,2026-02-03
E235453,반도체연구소,영업마케팅,CL2,통계적공정관리(SPC),품질,12,11,74.0,2026-03-26
E417414,글로벌인프라총괄,품질보증,CL3,정보보호,필수,2,1,80.0,2026-03-06
E221414,시스템LSI사업부,패키지개발,CL2,Spotfire 데이터함수(Python),데이터분석,16,16,70.0,2026-01-14
E245039,파운드리사업부,회로설계,CL4,Python 기초,데이터분석,20,9,85.0,2026-05-20
E597421,DS경영지원,회로설계,CL2,생성형 AI 활용,AI,6,6,92.0,2026-07-10
E280707,반도체연구소,회로설계,CL2,Spotfire 기초,데이터분석,8,7,77.0,2026-05-31
E865979,DS경영지원,영업마케팅,CL3,정보보호,필수,2,1,82.0,2026-03-20
E205113,반도체연구소,반도체공정기술,CL2,Python 기초,데이터분석,20,14,86.0,2026-01-25
E695472,메모리사업부,품질보증,CL4,Python 기초,데이터분석,20,20,,2026-01-07
E608859,시스템LSI사업부,영업마케팅,CL4,반도체 8대 공정,직무기초,24,17,,2026-04-06
E338570,메모리사업부,설비기술,CL3,반도체 8대 공정,직무기초,24,24,83.0,2026-04-01
E272870,파운드리사업부,설비기술,CL3,생성형 AI 활용,AI,6,3,85.0,2026-05-03
E770134,DS경영지원,평가및분석,CL2,생성형 AI 활용,AI,6,4,86.0,2026-04-13
E835867,시스템LSI사업부,반도체공정기술,CL2,Spotfire 기초,데이터분석,8,7,70.0,2026-02-12
E564483,시스템LSI사업부,반도체공정기술,CL2,반도체 8대 공정,직무기초,24,8,97.0,2026-05-19
E968166,파운드리사업부,S/W개발,CL2,Spotfire 데이터함수(Python),데이터분석,16,8,85.0,2026-01-26
E203804,시스템LSI사업부,경영지원,CL2,통계적공정관리(SPC),품질,12,10,87.0,2026-03-29
E730272,DS경영지원,경영지원,CL2,Spotfire 기초,데이터분석,8,6,79.0,2026-06-25
E999733,메모리사업부,품질보증,CL2,정보보호,필수,2,1,76.0,2026-03-13
E686230,DS경영지원,회로설계,CL2,통계적공정관리(SPC),품질,12,9,73.0,2026-06-07
E751604,반도체연구소,품질보증,CL2,Spotfire 기초,데이터분석,8,4,76.0,2026-02-10
E645595,글로벌인프라총괄,S/W개발,CL2,Python 기초,데이터분석,20,9,92.0,2026-06-21
E268275,반도체연구소,설비기술,CL4,반도체 8대 공정,직무기초,24,22,90.0,2026-01-22
E835857,시스템LSI사업부,S/W개발,CL2,Spotfire 기초,데이터분석,8,7,94.0,2026-03-08
E488178,시스템LSI사업부,경영지원,CL3,Python 기초,데이터분석,20,11,81.0,2026-01-08
E243476,반도체연구소,평가및분석,CL4,Python 기초,데이터분석,20,2,93.0,2026-07-04
E778662,시스템LSI사업부,SCM/생산관리,CL2,생성형 AI 활용,AI,6,6,,2026-05-26
E176995,메모리사업부,SCM/생산관리,CL2,통계적공정관리(SPC),품질,12,12,80.0,2026-03-24
E179880,DS경영지원,영업마케팅,CL3,반도체 8대 공정,직무기초,24,24,85.0,2026-06-16
E199818,DS경영지원,패키지개발,CL4,반도체 8대 공정,직무기초,24,24,,2026-04-20
E618888,시스템LSI사업부,평가및분석,CL3,Spotfire 데이터함수(Python),데이터분석,16,9,64.0,2026-05-30
E906690,파운드리사업부,경영지원,CL3,Python 기초,데이터분석,20,18,84.0,2026-03-07
E550589,파운드리사업부,SCM/생산관리,CL2,Python 기초,데이터분석,20,19,105.0,2026-03-09
E357391,파운드리사업부,S/W개발,CL3,생성형 AI 활용,AI,6,5,79.0,2026-05-22
E283423,반도체연구소,평가및분석,CL3,Spotfire 기초,데이터분석,8,5,83.0,2026-04-14
E414376,시스템LSI사업부,경영지원,CL2,반도체 8대 공정,직무기초,24,23,89.0,2026-05-16
E172656,시스템LSI사업부,SCM/생산관리,CL3,Spotfire 데이터함수(Python),데이터분석,16,11,97.0,2026-02-23
E159052,반도체연구소,S/W개발,CL2,Python 기초,데이터분석,20,13,79.0,2026-04-02
E860676,메모리사업부,품질보증,CL2,Spotfire 데이터함수(Python),데이터분석,16,9,88.0,2026-05-19
E685318,메모리사업부,반도체공정기술,CL2,생성형 AI 활용,AI,6,6,82.0,2026-05-27
E699249,시스템LSI사업부,경영지원,CL4,정보보호,필수,2,2,86.0,2026-01-24
E285850,글로벌인프라총괄,패키지개발,CL4,생성형 AI 활용,AI,6,4,73.0,2026-06-03
E835937,시스템LSI사업부,영업마케팅,CL4,생성형 AI 활용,AI,6,4,84.0,2026-07-02
E597264,DS경영지원,설비기술,CL3,Spotfire 기초,데이터분석,8,6,82.0,2026-05-09
E145803,반도체연구소,SCM/생산관리,CL3,생성형 AI 활용,AI,6,6,,2026-03-25
E172650,글로벌인프라총괄,반도체공정기술,CL2,반도체 8대 공정,직무기초,24,17,84.0,2026-05-15
E898052,반도체연구소,SCM/생산관리,CL2,통계적공정관리(SPC),품질,12,8,82.0,2026-01-14
E418618,반도체연구소,S/W개발,CL4,통계적공정관리(SPC),품질,12,12,95.0,2026-02-23
E394703,파운드리사업부,S/W개발,CL2,Spotfire 데이터함수(Python),데이터분석,16,16,82.0,2026-03-15
E956345,시스템LSI사업부,SCM/생산관리,CL3,정보보호,필수,2,1,96.0,2026-02-11
E950134,파운드리사업부,품질보증,CL3,정보보호,필수,2,1,74.0,2026-07-13
E358066,DS경영지원,회로설계,CL4,생성형 AI 활용,AI,6,4,91.0,2026-06-28
E269440,반도체연구소,SCM/생산관리,CL3,통계적공정관리(SPC),품질,12,6,96.0,2026-05-23
E748082,파운드리사업부,SCM/생산관리,CL2,통계적공정관리(SPC),품질,12,3,85.0,2026-04-20
E122564,파운드리사업부,회로설계,CL4,정보보호,필수,2,1,104.0,2026-06-17
E380110,메모리사업부,패키지개발,CL3,Spotfire 기초,데이터분석,8,6,80.0,2026-04-05
E512807,반도체연구소,회로설계,CL2,정보보호,필수,2,1,91.0,2026-04-27
E519684,DS경영지원,경영지원,CL2,생성형 AI 활용,AI,6,5,82.0,2026-04-07
E735376,시스템LSI사업부,설비기술,CL2,정보보호,필수,2,1,89.0,2026-03-29
E690066,파운드리사업부,평가및분석,CL3,Spotfire 기초,데이터분석,8,8,81.0,2026-07-06
E738548,글로벌인프라총괄,평가및분석,CL2,생성형 AI 활용,AI,6,1,79.0,2026-02-14
E259920,메모리사업부,품질보증,CL3,정보보호,필수,2,1,,2026-06-03
E758414,글로벌인프라총괄,품질보증,CL4,생성형 AI 활용,AI,6,6,76.0,2026-02-26
E434047,DS경영지원,S/W개발,CL3,생성형 AI 활용,AI,6,2,87.0,2026-01-09
E435683,글로벌인프라총괄,회로설계,CL3,정보보호,필수,2,2,84.0,2026-05-24
E207765,글로벌인프라총괄,품질보증,CL2,생성형 AI 활용,AI,6,1,87.0,2026-02-24
E616712,DS경영지원,경영지원,CL2,반도체 8대 공정,직무기초,24,10,72.0,2026-06-27
E262156,반도체연구소,회로설계,CL3,생성형 AI 활용,AI,6,0,79.0,2026-04-04
E702623,메모리사업부,SCM/생산관리,CL3,Python 기초,데이터분석,20,12,83.0,2026-01-21
E570650,메모리사업부,S/W개발,CL3,Spotfire 데이터함수(Python),데이터분석,16,4,,2026-05-25
E129458,파운드리사업부,S/W개발,CL4,Spotfire 기초,데이터분석,8,7,78.0,2026-03-26
E684655,반도체연구소,품질보증,CL3,정보보호,필수,2,1,76.0,2026-07-01
E397985,파운드리사업부,반도체공정기술,CL3,Spotfire 데이터함수(Python),데이터분석,16,12,81.0,2026-07-04
E687352,DS경영지원,영업마케팅,CL4,생성형 AI 활용,AI,6,3,88.0,2026-07-03
E372990,DS경영지원,패키지개발,CL2,반도체 8대 공정,직무기초,24,10,78.0,2026-04-11
E914456,글로벌인프라총괄,SCM/생산관리,CL4,Python 기초,데이터분석,20,19,81.0,2026-05-18
E910289,반도체연구소,영업마케팅,CL4,통계적공정관리(SPC),품질,12,3,83.0,2026-06-28
E476783,DS경영지원,품질보증,CL3,Spotfire 데이터함수(Python),데이터분석,16,10,79.0,2026-05-27
E664840,DS경영지원,영업마케팅,CL3,Python 기초,데이터분석,20,18,76.0,2026-01-21
E654165,반도체연구소,반도체공정기술,CL3,Spotfire 기초,데이터분석,8,5,82.0,2026-06-21
E661038,반도체연구소,회로설계,CL3,반도체 8대 공정,직무기초,24,19,93.0,2026-01-16
E617596,시스템LSI사업부,평가및분석,CL2,반도체 8대 공정,직무기초,24,16,86.0,2026-01-28
E586357,DS경영지원,품질보증,CL2,Python 기초,데이터분석,20,19,81.0,2026-01-11
E134901,글로벌인프라총괄,평가및분석,CL2,생성형 AI 활용,AI,6,4,75.0,2026-02-05
E662726,DS경영지원,반도체공정기술,CL2,Python 기초,데이터분석,20,20,87.0,2026-02-26
E267541,메모리사업부,회로설계,CL3,반도체 8대 공정,직무기초,24,17,,2026-07-19
E607962,메모리사업부,경영지원,CL3,Spotfire 기초,데이터분석,8,2,,2026-05-14
E531606,메모리사업부,S/W개발,CL3,통계적공정관리(SPC),품질,12,9,79.0,2026-02-11
E923425,파운드리사업부,반도체공정기술,CL3,Python 기초,데이터분석,20,14,84.0,2026-07-10
E332703,파운드리사업부,평가및분석,CL2,통계적공정관리(SPC),품질,12,3,92.0,2026-06-28
E642255,메모리사업부,설비기술,CL2,통계적공정관리(SPC),품질,12,8,89.0,2026-07-09
E915886,메모리사업부,패키지개발,CL2,통계적공정관리(SPC),품질,12,12,84.0,2026-02-16
E877718,메모리사업부,설비기술,CL3,Spotfire 기초,데이터분석,8,7,84.0,2026-03-18
E339342,반도체연구소,SCM/생산관리,CL2,통계적공정관리(SPC),품질,12,12,88.0,2026-06-28
E283300,시스템LSI사업부,SCM/생산관리,CL3,통계적공정관리(SPC),품질,12,5,90.0,2026-01-21
E929962,DS경영지원,설비기술,CL2,Spotfire 데이터함수(Python),데이터분석,16,15,86.0,2026-01-31
E860056,DS경영지원,패키지개발,CL2,통계적공정관리(SPC),품질,12,12,83.0,2026-03-05
E786156,메모리사업부,설비기술,CL2,정보보호,필수,2,1,95.0,2026-05-05
E978767,메모리사업부,패키지개발,CL2,Spotfire 데이터함수(Python),데이터분석,16,12,75.0,2026-02-02
E317431,시스템LSI사업부,설비기술,CL2,생성형 AI 활용,AI,6,2,79.0,2026-07-07
E122528,DS경영지원,회로설계,CL2,반도체 8대 공정,직무기초,24,17,96.0,2026-02-04
E467416,파운드리사업부,반도체공정기술,CL2,Spotfire 데이터함수(Python),데이터분석,16,10,71.0,2026-06-08
E353064,파운드리사업부,영업마케팅,CL4,Spotfire 데이터함수(Python),데이터분석,16,16,75.0,2026-04-28
E153142,반도체연구소,영업마케팅,CL3,반도체 8대 공정,직무기초,24,24,85.0,2026-02-11
E879918,메모리사업부,패키지개발,CL2,반도체 8대 공정,직무기초,24,18,87.0,2026-07-16
E627856,메모리사업부,품질보증,CL3,Spotfire 기초,데이터분석,8,5,85.0,2026-07-21
E228799,반도체연구소,영업마케팅,CL4,Python 기초,데이터분석,20,9,94.0,2026-02-08
E836866,글로벌인프라총괄,회로설계,CL3,통계적공정관리(SPC),품질,12,12,87.0,2026-05-18
E428659,반도체연구소,영업마케팅,CL3,정보보호,필수,2,2,93.0,2026-07-06
E197802,파운드리사업부,S/W개발,CL3,반도체 8대 공정,직무기초,24,21,79.0,2026-01-05
E362242,시스템LSI사업부,영업마케팅,CL2,생성형 AI 활용,AI,6,6,61.0,2026-04-15
E908567,반도체연구소,설비기술,CL3,Python 기초,데이터분석,20,11,73.0,2026-05-22
E286161,반도체연구소,설비기술,CL3,Spotfire 데이터함수(Python),데이터분석,16,16,,2026-02-28
E243087,시스템LSI사업부,S/W개발,CL3,Python 기초,데이터분석,20,7,71.0,2026-07-05
E409058,글로벌인프라총괄,영업마케팅,CL2,Python 기초,데이터분석,20,5,96.0,2026-06-18
E982584,반도체연구소,반도체공정기술,CL2,반도체 8대 공정,직무기초,24,5,68.0,2026-05-17
E532557,반도체연구소,영업마케팅,CL3,생성형 AI 활용,AI,6,3,83.0,2026-05-03
E570443,반도체연구소,SCM/생산관리,CL2,Spotfire 데이터함수(Python),데이터분석,16,16,89.0,2026-03-12
E560845,글로벌인프라총괄,영업마케팅,CL3,Spotfire 기초,데이터분석,8,4,88.0,2026-01-08
E264148,반도체연구소,경영지원,CL3,반도체 8대 공정,직무기초,24,19,76.0,2026-04-12
E399244,메모리사업부,S/W개발,CL4,Spotfire 데이터함수(Python),데이터분석,16,11,88.0,2026-01-13
E245529,DS경영지원,SCM/생산관리,CL3,Spotfire 데이터함수(Python),데이터분석,16,14,73.0,2026-02-12
E702065,DS경영지원,품질보증,CL2,Spotfire 기초,데이터분석,8,7,97.0,2026-02-10
E485041,메모리사업부,평가및분석,CL3,생성형 AI 활용,AI,6,6,90.0,2026-03-19
E964925,글로벌인프라총괄,회로설계,CL2,Python 기초,데이터분석,20,10,98.0,2026-02-07
E864410,메모리사업부,평가및분석,CL3,Python 기초,데이터분석,20,15,91.0,2026-05-25
E841428,파운드리사업부,영업마케팅,CL3,Spotfire 데이터함수(Python),데이터분석,16,13,,2026-01-06
E788410,메모리사업부,SCM/생산관리,CL2,Spotfire 기초,데이터분석,8,7,85.0,2026-04-16
E270500,글로벌인프라총괄,영업마케팅,CL3,Python 기초,데이터분석,20,11,,2026-04-20
E567901,파운드리사업부,반도체공정기술,CL3,Python 기초,데이터분석,20,17,107.0,2026-01-14
E298969,DS경영지원,영업마케팅,CL3,Python 기초,데이터분석,20,16,74.0,2026-06-17
E193351,메모리사업부,경영지원,CL2,생성형 AI 활용,AI,6,4,,2026-04-09
E815104,DS경영지원,평가및분석,CL2,정보보호,필수,2,1,79.0,2026-04-11
E854718,파운드리사업부,설비기술,CL2,Spotfire 데이터함수(Python),데이터분석,16,16,,2026-02-26
E592155,DS경영지원,경영지원,CL3,정보보호,필수,2,1,,2026-02-10
E683092,파운드리사업부,반도체공정기술,CL2,정보보호,필수,2,2,74.0,2026-04-30
E207019,메모리사업부,회로설계,CL4,정보보호,필수,2,1,90.0,2026-04-29
E658773,반도체연구소,SCM/생산관리,CL2,생성형 AI 활용,AI,6,6,91.0,2026-01-11
E411858,글로벌인프라총괄,회로설계,CL3,정보보호,필수,2,0,89.0,2026-04-18
E513772,DS경영지원,SCM/생산관리,CL3,Spotfire 기초,데이터분석,8,8,109.0,2026-06-19
E314459,메모리사업부,SCM/생산관리,CL4,Python 기초,데이터분석,20,18,93.0,2026-02-10
E959269,메모리사업부,품질보증,CL3,반도체 8대 공정,직무기초,24,24,66.0,2026-07-07
E812783,시스템LSI사업부,회로설계,CL2,생성형 AI 활용,AI,6,6,72.0,2026-07-15
E986395,파운드리사업부,패키지개발,CL3,Spotfire 데이터함수(Python),데이터분석,16,10,81.0,2026-07-13
E890855,시스템LSI사업부,패키지개발,CL3,Python 기초,데이터분석,20,13,72.0,2026-05-25
E346842,글로벌인프라총괄,영업마케팅,CL2,생성형 AI 활용,AI,6,4,71.0,2026-05-16
E308913,DS경영지원,패키지개발,CL2,Spotfire 데이터함수(Python),데이터분석,16,13,,2026-06-12
E127782,글로벌인프라총괄,영업마케팅,CL3,생성형 AI 활용,AI,6,5,85.0,2026-03-26
E231994,반도체연구소,평가및분석,CL2,Spotfire 기초,데이터분석,8,7,82.0,2026-02-28
E946313,파운드리사업부,설비기술,CL2,Spotfire 기초,데이터분석,8,7,82.0,2026-07-18
E517936,파운드리사업부,반도체공정기술,CL2,통계적공정관리(SPC),품질,12,8,82.0,2026-06-04
E112516,시스템LSI사업부,품질보증,CL3,생성형 AI 활용,AI,6,6,107.0,2026-04-21
E161328,글로벌인프라총괄,경영지원,CL4,통계적공정관리(SPC),품질,12,7,84.0,2026-02-21
E673841,DS경영지원,S/W개발,CL2,정보보호,필수,2,2,86.0,2026-06-24
E193987,글로벌인프라총괄,품질보증,CL2,Spotfire 기초,데이터분석,8,3,75.0,2026-05-25
E674150,글로벌인프라총괄,평가및분석,CL3,생성형 AI 활용,AI,6,6,83.0,2026-03-23
E661685,시스템LSI사업부,품질보증,CL2,생성형 AI 활용,AI,6,4,95.0,2026-07-12
E647357,글로벌인프라총괄,품질보증,CL2,생성형 AI 활용,AI,6,4,,2026-03-18
E831812,DS경영지원,경영지원,CL3,Python 기초,데이터분석,20,10,99.0,2026-02-16
E304214,글로벌인프라총괄,패키지개발,CL2,반도체 8대 공정,직무기초,24,22,87.0,2026-01-05
E547804,글로벌인프라총괄,반도체공정기술,CL2,반도체 8대 공정,직무기초,24,17,94.0,2026-06-10
E933990,DS경영지원,S/W개발,CL2,Python 기초,데이터분석,20,20,85.0,2026-03-04
E476319,글로벌인프라총괄,경영지원,CL3,Python 기초,데이터분석,20,17,82.0,2026-02-11
E173243,DS경영지원,설비기술,CL2,Spotfire 데이터함수(Python),데이터분석,16,14,88.0,2026-02-16
E708299,시스템LSI사업부,패키지개발,CL2,정보보호,필수,2,1,,2026-01-19
E851233,파운드리사업부,영업마케팅,CL2,정보보호,필수,2,1,86.0,2026-04-03
E947197,시스템LSI사업부,S/W개발,CL2,반도체 8대 공정,직무기초,24,16,86.0,2026-02-03
E706980,시스템LSI사업부,S/W개발,CL3,Python 기초,데이터분석,20,8,85.0,2026-04-09
E104062,반도체연구소,회로설계,CL3,정보보호,필수,2,1,,2026-01-12
E350329,DS경영지원,SCM/생산관리,CL2,Spotfire 기초,데이터분석,8,2,90.0,2026-02-22
E216165,파운드리사업부,경영지원,CL2,정보보호,필수,2,1,83.0,2026-03-28
E912818,시스템LSI사업부,영업마케팅,CL3,Python 기초,데이터분석,20,17,83.0,2026-07-04
E438750,DS경영지원,패키지개발,CL3,정보보호,필수,2,1,90.0,2026-07-22
E558920,DS경영지원,경영지원,CL2,통계적공정관리(SPC),품질,12,11,82.0,2026-06-30
E211818,파운드리사업부,품질보증,CL2,Spotfire 데이터함수(Python),데이터분석,16,15,94.0,2026-01-26
E819570,글로벌인프라총괄,품질보증,CL2,Spotfire 기초,데이터분석,8,4,73.0,2026-05-10
E817405,DS경영지원,패키지개발,CL3,정보보호,필수,2,1,92.0,2026-07-16
E232345,반도체연구소,경영지원,CL3,Python 기초,데이터분석,20,14,82.0,2026-02-07
E797443,글로벌인프라총괄,회로설계,CL4,Spotfire 데이터함수(Python),데이터분석,16,16,83.0,2026-03-16
E321477,파운드리사업부,반도체공정기술,CL3,생성형 AI 활용,AI,6,3,88.0,2026-06-20
E603228,반도체연구소,SCM/생산관리,CL4,Spotfire 데이터함수(Python),데이터분석,16,12,91.0,2026-01-28
E669473,반도체연구소,품질보증,CL2,통계적공정관리(SPC),품질,12,12,,2026-01-06
E846756,파운드리사업부,평가및분석,CL3,Python 기초,데이터분석,20,17,80.0,2026-04-19
E577893,반도체연구소,SCM/생산관리,CL2,생성형 AI 활용,AI,6,3,86.0,2026-02-14
E315801,글로벌인프라총괄,평가및분석,CL2,통계적공정관리(SPC),품질,12,12,94.0,2026-02-24
E808456,파운드리사업부,S/W개발,CL4,Python 기초,데이터분석,20,18,64.0,2026-05-08
E542892,메모리사업부,품질보증,CL3,Spotfire 기초,데이터분석,8,4,82.0,2026-06-18
E760217,DS경영지원,SCM/생산관리,CL4,통계적공정관리(SPC),품질,12,6,82.0,2026-05-05
E188055,파운드리사업부,품질보증,CL2,Spotfire 데이터함수(Python),데이터분석,16,9,89.0,2026-02-01
E164829,메모리사업부,설비기술,CL3,통계적공정관리(SPC),품질,12,12,85.0,2026-05-05
E772902,시스템LSI사업부,평가및분석,CL2,통계적공정관리(SPC),품질,12,6,100.0,2026-03-08
E642241,시스템LSI사업부,회로설계,CL4,Python 기초,데이터분석,20,20,90.0,2026-06-23
E981085,파운드리사업부,경영지원,CL3,정보보호,필수,2,1,76.0,2026-01-21
E646724,시스템LSI사업부,영업마케팅,CL2,통계적공정관리(SPC),품질,12,4,77.0,2026-03-05
E937771,글로벌인프라총괄,반도체공정기술,CL3,생성형 AI 활용,AI,6,5,69.0,2026-01-11
E936385,글로벌인프라총괄,S/W개발,CL2,Spotfire 데이터함수(Python),데이터분석,16,7,86.0,2026-02-14
E575157,반도체연구소,영업마케팅,CL4,Spotfire 데이터함수(Python),데이터분석,16,16,77.0,2026-01-09
E319975,메모리사업부,평가및분석,CL2,Spotfire 데이터함수(Python),데이터분석,16,14,,2026-04-16
E773457,메모리사업부,영업마케팅,CL2,통계적공정관리(SPC),품질,12,7,95.0,2026-03-08
E606814,글로벌인프라총괄,패키지개발,CL2,통계적공정관리(SPC),품질,12,11,92.0,2026-05-24
E695609,시스템LSI사업부,회로설계,CL4,반도체 8대 공정,직무기초,24,23,74.0,2026-04-27
E409876,글로벌인프라총괄,평가및분석,CL2,Python 기초,데이터분석,20,13,,2026-06-07
E943007,글로벌인프라총괄,S/W개발,CL2,반도체 8대 공정,직무기초,24,4,82.0,2026-04-24
E305032,반도체연구소,평가및분석,CL2,통계적공정관리(SPC),품질,12,12,89.0,2026-02-17
E191264,파운드리사업부,반도체공정기술,CL4,반도체 8대 공정,직무기초,24,10,96.0,2026-01-10
E481591,반도체연구소,반도체공정기술,CL3,Spotfire 기초,데이터분석,8,8,85.0,2026-05-23
E547617,반도체연구소,패키지개발,CL2,반도체 8대 공정,직무기초,24,10,86.0,2026-05-27
E577636,반도체연구소,설비기술,CL3,반도체 8대 공정,직무기초,24,13,,2026-01-31
E513506,시스템LSI사업부,SCM/생산관리,CL3,통계적공정관리(SPC),품질,12,12,84.0,2026-01-16
E699158,파운드리사업부,품질보증,CL2,반도체 8대 공정,직무기초,24,17,87.0,2026-04-07
E218199,글로벌인프라총괄,SCM/생산관리,CL2,정보보호,필수,2,1,73.0,2026-07-04
E471755,메모리사업부,패키지개발,CL3,정보보호,필수,2,2,83.0,2026-03-07
E249070,메모리사업부,반도체공정기술,CL3,정보보호,필수,2,0,89.0,2026-07-07
E256705,글로벌인프라총괄,평가및분석,CL2,Spotfire 데이터함수(Python),데이터분석,16,16,89.0,2026-01-17
E234273,DS경영지원,반도체공정기술,CL3,생성형 AI 활용,AI,6,4,101.0,2026-06-07
E667658,글로벌인프라총괄,평가및분석,CL3,Spotfire 기초,데이터분석,8,6,78.0,2026-05-21
E295173,파운드리사업부,경영지원,CL2,통계적공정관리(SPC),품질,12,12,84.0,2026-04-16
E461881,파운드리사업부,영업마케팅,CL2,반도체 8대 공정,직무기초,24,24,89.0,2026-04-06
E250213,반도체연구소,영업마케팅,CL2,통계적공정관리(SPC),품질,12,11,90.0,2026-05-02
E377638,메모리사업부,경영지원,CL3,통계적공정관리(SPC),품질,12,12,75.0,2026-05-14
E426639,글로벌인프라총괄,패키지개발,CL4,Spotfire 데이터함수(Python),데이터분석,16,15,79.0,2026-05-01
E245464,시스템LSI사업부,평가및분석,CL3,통계적공정관리(SPC),품질,12,8,,2026-07-16
E885432,DS경영지원,설비기술,CL4,Spotfire 데이터함수(Python),데이터분석,16,13,90.0,2026-03-16
E950762,반도체연구소,패키지개발,CL3,반도체 8대 공정,직무기초,24,6,83.0,2026-06-18
E780250,DS경영지원,설비기술,CL3,정보보호,필수,2,1,82.0,2026-07-22
E276229,DS경영지원,회로설계,CL2,Python 기초,데이터분석,20,20,89.0,2026-02-21
E620209,파운드리사업부,회로설계,CL3,Python 기초,데이터분석,20,0,102.0,2026-01-24
E126091,글로벌인프라총괄,회로설계,CL3,Python 기초,데이터분석,20,9,95.0,2026-02-28
E886249,글로벌인프라총괄,품질보증,CL3,정보보호,필수,2,1,77.0,2026-04-22
E146052,시스템LSI사업부,패키지개발,CL3,통계적공정관리(SPC),품질,12,9,78.0,2026-02-04
E163464,시스템LSI사업부,경영지원,CL2,통계적공정관리(SPC),품질,12,11,82.0,2026-01-18
E294030,시스템LSI사업부,평가및분석,CL2,반도체 8대 공정,직무기초,24,19,87.0,2026-05-20
E682409,파운드리사업부,패키지개발,CL3,반도체 8대 공정,직무기초,24,14,75.0,2026-01-07
E307708,DS경영지원,품질보증,CL2,Python 기초,데이터분석,20,19,94.0,2026-05-26
E961911,파운드리사업부,경영지원,CL3,생성형 AI 활용,AI,6,5,71.0,2026-02-03
E956461,반도체연구소,SCM/생산관리,CL2,통계적공정관리(SPC),품질,12,3,100.0,2026-06-16
E313733,메모리사업부,경영지원,CL2,Python 기초,데이터분석,20,13,88.0,2026-05-02
E782406,반도체연구소,SCM/생산관리,CL2,Spotfire 데이터함수(Python),데이터분석,16,11,83.0,2026-05-07
E234024,반도체연구소,설비기술,CL2,Spotfire 기초,데이터분석,8,7,81.0,2026-01-07
E645046,글로벌인프라총괄,S/W개발,CL4,Python 기초,데이터분석,20,13,67.0,2026-05-11
E860066,메모리사업부,품질보증,CL2,통계적공정관리(SPC),품질,12,5,84.0,2026-06-08
E924461,파운드리사업부,반도체공정기술,CL4,Spotfire 기초,데이터분석,8,3,,2026-04-04
E656772,시스템LSI사업부,S/W개발,CL4,생성형 AI 활용,AI,6,5,85.0,2026-07-10
E159068,시스템LSI사업부,반도체공정기술,CL3,Spotfire 데이터함수(Python),데이터분석,16,13,99.0,2026-03-07
E167572,시스템LSI사업부,SCM/생산관리,CL3,Spotfire 기초,데이터분석,8,7,80.0,2026-06-21
E327698,시스템LSI사업부,설비기술,CL2,Python 기초,데이터분석,20,5,93.0,2026-05-10
E992764,파운드리사업부,평가및분석,CL3,Spotfire 데이터함수(Python),데이터분석,16,16,82.0,2026-06-14
E940010,글로벌인프라총괄,SCM/생산관리,CL3,Spotfire 기초,데이터분석,8,5,,2026-05-24
E463522,시스템LSI사업부,회로설계,CL2,Spotfire 데이터함수(Python),데이터분석,16,9,90.0,2026-03-10
E437301,글로벌인프라총괄,평가및분석,CL3,Spotfire 데이터함수(Python),데이터분석,16,10,81.0,2026-06-30
E365454,파운드리사업부,SCM/생산관리,CL2,Spotfire 데이터함수(Python),데이터분석,16,15,86.0,2026-01-13
E545273,파운드리사업부,품질보증,CL3,Python 기초,데이터분석,20,19,90.0,2026-05-17
E923726,DS경영지원,회로설계,CL2,반도체 8대 공정,직무기초,24,16,80.0,2026-02-23
E363212,메모리사업부,품질보증,CL3,정보보호,필수,2,2,73.0,2026-07-13
E658449,반도체연구소,평가및분석,CL3,Spotfire 기초,데이터분석,8,8,,2026-03-05
E646064,글로벌인프라총괄,패키지개발,CL3,Spotfire 기초,데이터분석,8,7,95.0,2026-06-22
E242998,파운드리사업부,회로설계,CL3,반도체 8대 공정,직무기초,24,13,82.0,2026-02-12
E160028,시스템LSI사업부,경영지원,CL4,통계적공정관리(SPC),품질,12,6,94.0,2026-05-24
E926404,메모리사업부,경영지원,CL2,Spotfire 기초,데이터분석,8,2,,2026-07-09
E566307,파운드리사업부,SCM/생산관리,CL3,생성형 AI 활용,AI,6,3,75.0,2026-01-20
E813405,시스템LSI사업부,패키지개발,CL2,생성형 AI 활용,AI,6,5,95.0,2026-02-13
E328339,반도체연구소,품질보증,CL3,정보보호,필수,2,1,79.0,2026-01-26
E673260,파운드리사업부,영업마케팅,CL4,정보보호,필수,2,1,78.0,2026-03-01
E333278,파운드리사업부,품질보증,CL2,반도체 8대 공정,직무기초,24,11,77.0,2026-06-10
E432120,반도체연구소,S/W개발,CL2,정보보호,필수,2,1,82.0,2026-03-23
E912951,글로벌인프라총괄,품질보증,CL2,통계적공정관리(SPC),품질,12,7,85.0,2026-03-09
E633761,시스템LSI사업부,패키지개발,CL2,Python 기초,데이터분석,20,19,85.0,2026-04-11
E396509,DS경영지원,평가및분석,CL2,통계적공정관리(SPC),품질,12,12,71.0,2026-03-23
E582841,반도체연구소,평가및분석,CL4,Spotfire 기초,데이터분석,8,5,78.0,2026-04-22
E469835,메모리사업부,회로설계,CL3,Python 기초,데이터분석,20,2,84.0,2026-05-30
E608753,글로벌인프라총괄,패키지개발,CL2,반도체 8대 공정,직무기초,24,19,84.0,2026-01-20
E957420,글로벌인프라총괄,반도체공정기술,CL2,통계적공정관리(SPC),품질,12,9,76.0,2026-04-19
E349121,메모리사업부,영업마케팅,CL3,반도체 8대 공정,직무기초,24,19,84.0,2026-01-06
E448733,메모리사업부,평가및분석,CL3,생성형 AI 활용,AI,6,5,58.0,2026-04-18
E956813,반도체연구소,영업마케팅,CL2,생성형 AI 활용,AI,6,5,71.0,2026-01-29
E283136,파운드리사업부,설비기술,CL2,Spotfire 기초,데이터분석,8,6,97.0,2026-05-21
E768865,파운드리사업부,SCM/생산관리,CL2,Python 기초,데이터분석,20,18,76.0,2026-03-06
E972007,DS경영지원,반도체공정기술,CL3,반도체 8대 공정,직무기초,24,16,69.0,2026-01-21
E839615,글로벌인프라총괄,S/W개발,CL2,Spotfire 데이터함수(Python),데이터분석,16,9,70.0,2026-02-27
E559682,반도체연구소,영업마케팅,CL3,Spotfire 기초,데이터분석,8,6,,2026-05-21
E326640,메모리사업부,패키지개발,CL3,반도체 8대 공정,직무기초,24,22,81.0,2026-05-17
E177756,글로벌인프라총괄,회로설계,CL3,통계적공정관리(SPC),품질,12,9,86.0,2026-06-09
E816598,글로벌인프라총괄,회로설계,CL4,Python 기초,데이터분석,20,20,80.0,2026-05-19
E259898,반도체연구소,품질보증,CL3,Spotfire 데이터함수(Python),데이터분석,16,11,,2026-02-19
E914006,DS경영지원,영업마케팅,CL3,반도체 8대 공정,직무기초,24,24,79.0,2026-03-18
E917584,파운드리사업부,패키지개발,CL3,반도체 8대 공정,직무기초,24,19,85.0,2026-06-17
E631825,파운드리사업부,SCM/생산관리,CL2,정보보호,필수,2,1,76.0,2026-05-17
E462876,DS경영지원,S/W개발,CL2,생성형 AI 활용,AI,6,1,94.0,2026-01-05
E818361,시스템LSI사업부,회로설계,CL2,Spotfire 데이터함수(Python),데이터분석,16,9,99.0,2026-04-11
E506218,파운드리사업부,설비기술,CL2,Spotfire 데이터함수(Python),데이터분석,16,11,86.0,2026-05-18
E221901,DS경영지원,패키지개발,CL4,Spotfire 기초,데이터분석,8,7,91.0,2026-02-03
E525155,DS경영지원,SCM/생산관리,CL2,정보보호,필수,2,1,77.0,2026-06-05
E328333,DS경영지원,패키지개발,CL3,Spotfire 데이터함수(Python),데이터분석,16,16,102.0,2026-02-10
E558897,파운드리사업부,설비기술,CL3,Spotfire 기초,데이터분석,8,7,85.0,2026-05-11
E514644,DS경영지원,영업마케팅,CL2,Spotfire 데이터함수(Python),데이터분석,16,14,87.0,2026-02-07
E155302,메모리사업부,평가및분석,CL3,반도체 8대 공정,직무기초,24,20,74.0,2026-03-12
E145296,시스템LSI사업부,평가및분석,CL2,Spotfire 데이터함수(Python),데이터분석,16,8,83.0,2026-04-15
E360456,메모리사업부,경영지원,CL3,Spotfire 데이터함수(Python),데이터분석,16,10,86.0,2026-01-25
E766140,시스템LSI사업부,회로설계,CL2,Spotfire 데이터함수(Python),데이터분석,16,9,88.0,2026-01-14
E923712,반도체연구소,평가및분석,CL2,Spotfire 데이터함수(Python),데이터분석,16,6,93.0,2026-05-01
E265311,반도체연구소,품질보증,CL3,생성형 AI 활용,AI,6,2,76.0,2026-07-13
E570953,반도체연구소,패키지개발,CL4,통계적공정관리(SPC),품질,12,5,88.0,2026-06-24
E681469,반도체연구소,평가및분석,CL3,생성형 AI 활용,AI,6,4,,2026-07-05
E102567,DS경영지원,패키지개발,CL2,생성형 AI 활용,AI,6,5,72.0,2026-04-26
E726645,반도체연구소,SCM/생산관리,CL2,Spotfire 데이터함수(Python),데이터분석,16,11,77.0,2026-02-16
E105495,글로벌인프라총괄,SCM/생산관리,CL4,Spotfire 기초,데이터분석,8,6,87.0,2026-02-23
E246404,글로벌인프라총괄,품질보증,CL3,Python 기초,데이터분석,20,17,82.0,2026-04-27
E317227,시스템LSI사업부,설비기술,CL4,Spotfire 기초,데이터분석,8,8,73.0,2026-02-28
E186335,DS경영지원,경영지원,CL4,생성형 AI 활용,AI,6,3,87.0,2026-04-14
E741214,파운드리사업부,회로설계,CL3,통계적공정관리(SPC),품질,12,10,,2026-01-26
E407970,반도체연구소,품질보증,CL3,Spotfire 데이터함수(Python),데이터분석,16,10,85.0,2026-01-16
E774354,DS경영지원,회로설계,CL2,반도체 8대 공정,직무기초,24,20,91.0,2026-04-14
E212686,파운드리사업부,회로설계,CL2,Spotfire 기초,데이터분석,8,2,77.0,2026-06-03
E552328,메모리사업부,반도체공정기술,CL3,정보보호,필수,2,0,79.0,2026-04-08
E113361,글로벌인프라총괄,반도체공정기술,CL2,Python 기초,데이터분석,20,20,89.0,2026-04-17
